LOCATION,PRECINCT,SERIAL,BALLOT GROUP,VOTE BY MAIL ONLY,REGISTRATION,TYPE,BALLOTS CAST,YES,NO,PASSED,YES_PERCENT
BEVERLY HILLS,0900001B,6014,8,Y,0,TOTAL,0,0,0,FALSE,
BEVERLY HILLS,0900004C,6015,8,Y,0,TOTAL,0,0,0,FALSE,
BEVERLY HILLS,0900004D,6016,8,Y,0,TOTAL,0,0,0,FALSE,
COMMERCE,1430035B,6019,8,Y,2,TOTAL,0,0,0,FALSE,
CULVER CITY,1600001B,6021,8,Y,0,TOTAL,0,0,0,FALSE,
CULVER CITY,1600004D,6022,8,Y,0,TOTAL,0,0,0,FALSE,
CULVER CITY,1600014C,6023,8,Y,0,TOTAL,0,0,0,FALSE,
CULVER CITY,1600071C,6024,8,Y,0,TOTAL,0,0,0,FALSE,
DOWNEY,1850044A,6025,8,Y,0,TOTAL,0,0,0,FALSE,
GLENDALE,2550143B,6026,8,Y,0,TOTAL,0,0,0,FALSE,
INGLEWOOD,2950069D,6028,8,Y,0,TOTAL,0,0,0,FALSE,
LONG BEACH,3850002E,6030,2,Y,1,TOTAL,0,0,0,FALSE,
LONG BEACH,3850121A,6031,8,Y,0,TOTAL,0,0,0,FALSE,
LONG BEACH,3850671C,6032,8,Y,31,TOTAL,0,0,0,FALSE,
LYNWOOD,3990001B,6033,2,Y,0,TOTAL,0,0,0,FALSE,
RANCHO PALOS VERDES,5530046B,6036,8,Y,0,TOTAL,0,0,0,FALSE,
SAN CLEMENTE ISLAND,5960001A,6037,8,Y,0,TOTAL,0,0,0,FALSE,
LOS ANGELES,9000036A,6042,8,Y,0,TOTAL,0,0,0,FALSE,
LOS ANGELES,9000108A,6043,2,Y,0,TOTAL,0,0,0,FALSE,
LOS ANGELES,9000349D,6044,7,Y,0,TOTAL,0,0,0,FALSE,
LOS ANGELES,9002539A,6047,8,Y,0,TOTAL,0,0,0,FALSE,
LOS ANGELES,9002561A,6048,8,Y,0,TOTAL,0,0,0,FALSE,
LOS ANGELES,9002612A,6049,8,Y,0,TOTAL,0,0,0,FALSE,
LOS ANGELES,9002880A,6050,2,Y,0,TOTAL,0,0,0,FALSE,
BALLOT GROUP 2,9990002A,8002,2,N,0,TOTAL,0,0,0,FALSE,
BALLOT GROUP 7,9990007A,8007,7,N,0,TOTAL,0,0,0,FALSE,
BALLOT GROUP 8,9990008A,8008,8,N,0,TOTAL,0,0,0,FALSE,
MONTEBELLO,4450001C,6034,8,Y,41,TOTAL,3,3,0,TRUE,1
NEWHALL,4700001C,6035,8,Y,1,TOTAL,1,1,0,TRUE,1
LOS ANGELES,9001330A,561,8,N,1433,TOTAL,5,5,0,TRUE,1
LOS ANGELES,9003077A,851,8,N,629,TOTAL,5,5,0,TRUE,1
LOS ANGELES,9000701A,450,8,N,2353,TOTAL,36,35,1,TRUE,0.972222222222222
VETERANS ADMIN CENTER,7470001A,6041,8,Y,285,TOTAL,43,36,7,TRUE,0.837209302325581
LOS ANGELES,9001341A,563,8,N,2367,TOTAL,139,115,24,TRUE,0.827338129496403
LOS ANGELES,9000959A,491,8,N,3332,TOTAL,446,360,80,TRUE,0.818181818181818
BEVERLY HILLS,0900033B,6018,8,Y,13,TOTAL,5,4,1,TRUE,0.8
INGLEWOOD,2950026B,6027,8,Y,70,TOTAL,5,4,1,TRUE,0.8
LOS ANGELES,9001008C,505,8,N,3201,TOTAL,271,211,57,TRUE,0.787313432835821
LOS ANGELES,9002113B,727,8,N,2419,TOTAL,136,106,30,TRUE,0.779411764705882
LOS ANGELES,9000734A,454,8,N,4101,TOTAL,301,234,67,TRUE,0.777408637873754
LOS ANGELES,9000894A,475,8,N,3888,TOTAL,288,223,64,TRUE,0.777003484320557
LOS ANGELES,9000458A,400,8,N,2920,TOTAL,255,198,57,TRUE,0.776470588235294
LOS ANGELES,9002250A,758,8,N,3344,TOTAL,410,318,92,TRUE,0.775609756097561
LOS ANGELES,9000964A,492,8,N,2267,TOTAL,187,145,42,TRUE,0.775401069518717
LOS ANGELES,9001685A,628,8,N,2334,TOTAL,173,134,39,TRUE,0.774566473988439
LOS ANGELES,9002540A,812,8,N,1889,TOTAL,79,61,18,TRUE,0.772151898734177
LOS ANGELES,9002110A,726,8,N,2433,TOTAL,117,90,27,TRUE,0.769230769230769
LOS ANGELES,9003923A,866,8,N,1702,TOTAL,66,50,15,TRUE,0.769230769230769
LOS ANGELES,9002017A,702,8,N,1664,TOTAL,157,117,36,TRUE,0.764705882352941
LOS ANGELES,9003150A,854,8,N,1817,TOTAL,55,42,13,TRUE,0.763636363636364
LOS ANGELES,9001114A,527,8,N,3859,TOTAL,332,251,78,TRUE,0.762917933130699
LOS ANGELES,9000795A,464,8,N,3639,TOTAL,325,247,77,TRUE,0.762345679012346
LOS ANGELES,9005769B,906,8,N,3654,TOTAL,313,234,73,TRUE,0.762214983713355
LOS ANGELES,9002373A,780,8,N,4552,TOTAL,495,373,118,TRUE,0.759674134419552
LOS ANGELES,9000999B,500,8,N,2415,TOTAL,283,214,68,TRUE,0.75886524822695
LOS ANGELES,9005484A,896,8,N,2466,TOTAL,83,62,20,TRUE,0.75609756097561
LOS ANGELES,9001810A,666,8,N,2799,TOTAL,214,161,52,TRUE,0.755868544600939
LOS ANGELES,9000664B,445,8,N,2901,TOTAL,238,178,60,TRUE,0.747899159663866
LOS ANGELES,9001578A,611,8,N,3226,TOTAL,193,144,49,TRUE,0.746113989637306
LOS ANGELES,9003895B,864,8,N,3002,TOTAL,257,191,65,TRUE,0.74609375
LOS ANGELES,9002262A,760,8,N,3852,TOTAL,371,276,94,TRUE,0.745945945945946
LOS ANGELES,9000029B,284,8,N,3323,TOTAL,288,213,73,TRUE,0.744755244755245
LOS ANGELES,9001797A,660,8,N,3983,TOTAL,381,282,97,TRUE,0.744063324538259
LOS ANGELES,9000493A,405,8,N,4154,TOTAL,336,247,85,TRUE,0.743975903614458
LOS ANGELES,9002089A,720,8,N,2956,TOTAL,149,110,38,TRUE,0.743243243243243
LOS ANGELES,9001686A,629,8,N,2110,TOTAL,143,103,36,TRUE,0.741007194244604
LOS ANGELES,9000694B,449,8,N,3371,TOTAL,466,344,121,TRUE,0.739784946236559
LOS ANGELES,9007015A,953,8,N,4102,TOTAL,460,338,120,TRUE,0.737991266375546
LOS ANGELES,9002388A,781,8,N,3664,TOTAL,404,295,106,TRUE,0.735660847880299
LOS ANGELES,9000051A,291,8,N,3348,TOTAL,223,163,59,TRUE,0.734234234234234
LOS ANGELES,9004239A,876,8,N,3907,TOTAL,444,326,118,TRUE,0.734234234234234
LOS ANGELES,9002356A,775,8,N,1790,TOTAL,323,236,86,TRUE,0.732919254658385
LOS ANGELES,9001410A,573,8,N,2547,TOTAL,173,125,46,TRUE,0.730994152046784
LOS ANGELES,9002745A,834,8,N,3429,TOTAL,502,364,135,TRUE,0.729458917835671
LOS ANGELES,9005424A,895,8,N,3459,TOTAL,335,244,91,TRUE,0.728358208955224
LOS ANGELES,9001956A,692,8,N,1960,TOTAL,110,80,30,TRUE,0.727272727272727
WEST HOLLYWOOD,7750017A,271,8,N,3399,TOTAL,355,258,97,TRUE,0.726760563380282
LOS ANGELES,9003988A,870,8,N,3180,TOTAL,291,210,79,TRUE,0.726643598615917
LOS ANGELES,9000371A,374,8,N,3788,TOTAL,272,196,74,TRUE,0.725925925925926
LOS ANGELES,9005105B,879,8,N,614,TOTAL,29,21,8,TRUE,0.724137931034483
LOS ANGELES,9001336A,562,8,N,2334,TOTAL,83,60,23,TRUE,0.72289156626506
LOS ANGELES,9001656C,625,8,N,2682,TOTAL,239,170,66,TRUE,0.720338983050847
LOS ANGELES,9000605A,434,8,N,3700,TOTAL,317,228,89,TRUE,0.719242902208202
LOS ANGELES,9001309A,557,8,N,3443,TOTAL,336,238,97,TRUE,0.71044776119403
LOS ANGELES,9001377A,570,8,N,2617,TOTAL,252,179,73,TRUE,0.71031746031746
LOS ANGELES,9000125B,315,8,N,3172,TOTAL,235,164,67,TRUE,0.70995670995671
LOS ANGELES,9001536A,600,8,N,4222,TOTAL,346,245,101,TRUE,0.708092485549133
LOS ANGELES,9000941A,487,8,N,3470,TOTAL,378,265,110,TRUE,0.706666666666667
LOS ANGELES,9007107A,954,8,N,3208,TOTAL,269,190,79,TRUE,0.706319702602231
LOS ANGELES,9002270A,761,8,N,2541,TOTAL,325,229,96,TRUE,0.704615384615385
LOS ANGELES,9001804C,663,8,N,3430,TOTAL,277,193,81,TRUE,0.704379562043796
LOS ANGELES,9000642A,441,8,N,2289,TOTAL,180,126,53,TRUE,0.70391061452514
WEST HOLLYWOOD,7750036A,273,8,N,3740,TOTAL,347,243,103,TRUE,0.702312138728324
LOS ANGELES,9001660A,626,8,N,916,TOTAL,102,70,30,TRUE,0.7
LOS ANGELES,9001535A,599,8,N,3614,TOTAL,416,289,124,TRUE,0.699757869249395
LOS ANGELES,9005012A,877,8,N,1683,TOTAL,143,100,43,TRUE,0.699300699300699
LOS ANGELES,9001668B,627,8,N,4462,TOTAL,410,285,123,TRUE,0.698529411764706
LOS ANGELES,9001000A,501,8,N,3271,TOTAL,215,150,65,TRUE,0.697674418604651
LOS ANGELES,9000724A,452,8,N,3569,TOTAL,274,190,83,TRUE,0.695970695970696
LOS ANGELES,9001046A,513,8,N,3187,TOTAL,130,89,39,TRUE,0.6953125
LOS ANGELES,9001575A,610,8,N,3552,TOTAL,317,220,97,TRUE,0.694006309148265
LOS ANGELES,9000823A,466,8,N,3610,TOTAL,284,195,86,TRUE,0.693950177935943
LOS ANGELES,9002159A,740,8,N,4940,TOTAL,541,370,168,TRUE,0.687732342007435
LOS ANGELES,9000784A,461,8,N,3228,TOTAL,180,123,56,TRUE,0.687150837988827
LOS ANGELES,9001111A,526,8,N,3033,TOTAL,345,236,108,TRUE,0.686046511627907
LOS ANGELES,9002364A,779,8,N,3221,TOTAL,219,150,69,TRUE,0.684931506849315
WEST HOLLYWOOD,7750030A,272,8,N,3934,TOTAL,409,277,128,TRUE,0.683950617283951
LOS ANGELES,9001799A,662,8,N,3150,TOTAL,137,93,43,TRUE,0.683823529411765
LOS ANGELES,9002158A,739,8,N,1892,TOTAL,181,123,57,TRUE,0.683333333333333
LOS ANGELES,9001600A,615,8,N,3012,TOTAL,263,179,83,TRUE,0.683206106870229
LOS ANGELES,9002027A,706,8,N,2137,TOTAL,86,58,27,TRUE,0.682352941176471
LOS ANGELES,9005504A,897,8,N,3275,TOTAL,414,280,131,TRUE,0.681265206812652
LOS ANGELES,9001780A,654,8,N,3141,TOTAL,119,81,38,TRUE,0.680672268907563
LOS ANGELES,9002012B,701,8,N,2061,TOTAL,172,117,55,TRUE,0.680232558139535
CUDAHY,1550004A,58,2,N,1813,TOTAL,103,68,32,TRUE,0.68
LOS ANGELES,9002108A,725,8,N,3981,TOTAL,325,221,104,TRUE,0.68
LOS ANGELES,9000495A,407,8,N,3687,TOTAL,288,195,92,TRUE,0.679442508710801
LOS ANGELES,9002114A,728,8,N,3355,TOTAL,296,199,94,TRUE,0.679180887372014
LOS ANGELES,9002534B,810,8,N,1631,TOTAL,57,38,18,TRUE,0.678571428571429
LOS ANGELES,9001003A,502,8,N,2242,TOTAL,136,90,43,TRUE,0.676691729323308
LOS ANGELES,9001617A,618,8,N,2373,TOTAL,170,115,55,TRUE,0.676470588235294
LOS ANGELES,9007226A,959,8,N,1875,TOTAL,214,144,69,TRUE,0.676056338028169
LOS ANGELES,9002491A,801,8,N,1696,TOTAL,80,54,26,TRUE,0.675
LOS ANGELES,9002929A,845,2,N,1774,TOTAL,80,54,26,TRUE,0.675
LOS ANGELES,9001913C,681,8,N,3328,TOTAL,300,201,97,TRUE,0.674496644295302
LOS ANGELES,9002531A,809,8,N,2251,TOTAL,101,67,33,TRUE,0.67
LOS ANGELES,9000282A,350,8,N,1993,TOTAL,125,83,41,TRUE,0.669354838709677
LOS ANGELES,9001583A,613,8,N,2189,TOTAL,134,89,44,TRUE,0.669172932330827
LOS ANGELES,9001798A,661,8,N,1968,TOTAL,134,89,44,TRUE,0.669172932330827
LOS ANGELES,9007129A,955,8,N,4073,TOTAL,366,244,121,TRUE,0.668493150684932
LOS ANGELES,9001775A,653,8,N,3070,TOTAL,272,181,90,TRUE,0.66789667896679
LOS ANGELES,9000515A,414,8,N,3408,TOTAL,405,265,132,TRUE,0.667506297229219
LOS ANGELES,9003185A,856,8,N,4792,TOTAL,648,431,216,TRUE,0.666151468315301
LOS ANGELES,9001635B,623,8,N,4378,TOTAL,416,276,139,TRUE,0.665060240963855
LOS ANGELES,9001733A,646,8,N,3717,TOTAL,295,195,99,TRUE,0.663265306122449
LOS ANGELES,9000426A,394,8,N,3136,TOTAL,254,167,86,TRUE,0.660079051383399
LOS ANGELES,9006302A,927,8,N,3769,TOTAL,579,378,196,TRUE,0.658536585365854
LOS ANGELES,9000844A,468,8,N,2640,TOTAL,203,133,69,TRUE,0.658415841584158
LOS ANGELES,9000903A,478,8,N,4034,TOTAL,356,234,122,TRUE,0.657303370786517
LOS ANGELES,9000049A,290,8,N,3423,TOTAL,365,239,125,TRUE,0.656593406593407
LOS ANGELES,9002451A,792,8,N,2056,TOTAL,122,80,42,TRUE,0.655737704918033
LOS ANGELES,9002171A,744,8,N,4070,TOTAL,741,483,254,TRUE,0.655359565807327
CUDAHY,1550008B,59,2,N,2171,TOTAL,116,74,39,TRUE,0.654867256637168
LOS ANGELES,9005310A,889,8,N,3601,TOTAL,405,265,140,TRUE,0.654320987654321
LOS ANGELES,9000866A,471,8,N,4147,TOTAL,732,478,253,TRUE,0.65389876880985
LOS ANGELES,9001862A,672,8,N,3316,TOTAL,278,181,96,TRUE,0.653429602888087
LOS ANGELES,9000966A,493,8,N,3509,TOTAL,352,230,122,TRUE,0.653409090909091
LOS ANGELES,9000855A,469,8,N,3709,TOTAL,537,349,186,TRUE,0.652336448598131
LOS ANGELES,9000601A,433,8,N,3303,TOTAL,233,150,80,TRUE,0.652173913043478
LOS ANGELES,9002234A,756,8,N,3334,TOTAL,356,232,124,TRUE,0.651685393258427
LOS ANGELES,9000874A,472,8,N,2693,TOTAL,395,256,137,TRUE,0.651399491094148
LOS ANGELES,9001889A,675,8,N,1283,TOTAL,152,99,53,TRUE,0.651315789473684
LOS ANGELES,9001997B,695,8,N,1856,TOTAL,63,41,22,TRUE,0.650793650793651
LOS ANGELES,9001444A,581,8,N,4201,TOTAL,400,258,139,TRUE,0.649874055415617
LOS ANGELES,9005322A,892,8,N,1811,TOTAL,177,115,62,TRUE,0.649717514124294
LOS ANGELES,9007388A,965,8,N,3877,TOTAL,423,274,148,TRUE,0.649289099526066
LOS ANGELES,9002952A,846,8,N,3800,TOTAL,379,245,134,TRUE,0.646437994722955
LOS ANGELES,9002001A,698,8,N,1705,TOTAL,127,82,45,TRUE,0.645669291338583
WEST HOLLYWOOD,7750053A,276,8,N,4128,TOTAL,516,333,183,TRUE,0.645348837209302
LOS ANGELES,9007377A,963,8,N,3947,TOTAL,412,265,146,TRUE,0.644768856447689
LOS ANGELES,9000835A,467,8,N,3758,TOTAL,684,438,243,TRUE,0.643171806167401
BELL GARDENS,0800017B,6013,2,Y,134,TOTAL,14,9,5,TRUE,0.642857142857143
LOS ANGELES,9005543B,899,8,N,3875,TOTAL,373,239,133,TRUE,0.64247311827957
LOS ANGELES,9005313A,890,8,N,3776,TOTAL,532,341,190,TRUE,0.642184557438795
LOS ANGELES,9001440A,580,8,N,3579,TOTAL,363,233,130,TRUE,0.641873278236915
WEST HOLLYWOOD,7750078A,277,8,N,4130,TOTAL,498,319,178,TRUE,0.641851106639839
LOS ANGELES,9002307A,767,8,N,3477,TOTAL,280,179,100,TRUE,0.6415770609319
LOS ANGELES,9005549A,900,8,N,3293,TOTAL,435,278,156,TRUE,0.640552995391705
LOS ANGELES,9001281A,552,8,N,3488,TOTAL,390,249,140,TRUE,0.640102827763496
LOS ANGELES,9001428A,576,8,N,3191,TOTAL,394,252,142,TRUE,0.639593908629442
LOS ANGELES,9001796B,659,8,N,2911,TOTAL,277,177,100,TRUE,0.63898916967509
LOS ANGELES,9003951B,867,8,N,4002,TOTAL,416,265,150,TRUE,0.63855421686747
LOS ANGELES,9001731A,645,8,N,1718,TOTAL,199,127,72,TRUE,0.638190954773869
HUNTINGTON PARK,2850010A,94,2,N,2253,TOTAL,169,104,59,TRUE,0.638036809815951
LOS ANGELES,9002551A,816,8,N,2775,TOTAL,93,58,33,TRUE,0.637362637362637
LOS ANGELES,9001299A,554,8,N,2948,TOTAL,289,184,105,TRUE,0.636678200692042
LOS ANGELES,9002568A,819,8,N,3355,TOTAL,138,87,50,TRUE,0.635036496350365
LOS ANGELES,9002544A,813,8,N,2398,TOTAL,101,64,37,TRUE,0.633663366336634
MARINA DEL REY,4150050A,203,8,N,3420,TOTAL,361,228,132,TRUE,0.633333333333333
EAST LOS ANGELES,2000001A,62,8,N,3350,TOTAL,276,174,101,TRUE,0.632727272727273
LOS ANGELES,9001987A,694,2,N,2372,TOTAL,109,67,39,TRUE,0.632075471698113
LOS ANGELES,9000608A,436,8,N,2622,TOTAL,182,115,67,TRUE,0.631868131868132
LOS ANGELES,9001055B,516,8,N,2675,TOTAL,125,77,45,TRUE,0.631147540983607
LOS ANGELES,9001081A,521,8,N,3463,TOTAL,170,106,62,TRUE,0.630952380952381
LOS ANGELES,9002135A,731,8,N,2051,TOTAL,204,128,75,TRUE,0.630541871921182
LOS ANGELES,9001490A,594,8,N,3256,TOTAL,277,174,102,TRUE,0.630434782608696
LOS ANGELES,9001719A,639,8,N,2426,TOTAL,101,63,37,TRUE,0.63
LOS ANGELES,9000544A,421,8,N,2759,TOTAL,245,153,90,TRUE,0.62962962962963
WEST HOLLYWOOD,7750007A,270,8,N,2889,TOTAL,371,233,138,TRUE,0.628032345013477
LOS ANGELES,9001433A,577,8,N,4188,TOTAL,510,319,190,TRUE,0.62671905697446
LOS ANGELES,9001720A,640,8,N,2524,TOTAL,265,164,98,TRUE,0.625954198473282
TORRANCE,7150043A,6038,8,Y,55,TOTAL,8,5,3,TRUE,0.625
LOS ANGELES,9002182A,747,8,N,3331,TOTAL,293,183,110,TRUE,0.62457337883959
LOS ANGELES,9007221A,958,8,N,3184,TOTAL,436,271,163,TRUE,0.624423963133641
LOS ANGELES,9000929A,486,8,N,1598,TOTAL,150,93,56,TRUE,0.624161073825503
LOS ANGELES,9001250A,547,8,N,3261,TOTAL,456,284,172,TRUE,0.62280701754386
LOS ANGELES,9001591C,614,8,N,2040,TOTAL,114,71,43,TRUE,0.62280701754386
LOS ANGELES,9001283A,553,8,N,3208,TOTAL,470,292,177,TRUE,0.622601279317697
LOS ANGELES,9000969A,494,8,N,3879,TOTAL,445,275,167,TRUE,0.622171945701358
LOS ANGELES,9005401A,894,8,N,2888,TOTAL,247,153,93,TRUE,0.621951219512195
LOS ANGELES,9000053A,292,8,N,3293,TOTAL,223,138,84,TRUE,0.621621621621622
LOS ANGELES,9000406A,387,8,N,2774,TOTAL,191,118,72,TRUE,0.621052631578947
LOS ANGELES,9001693A,630,8,N,4322,TOTAL,483,298,182,TRUE,0.620833333333333
LOS ANGELES,9000731A,453,8,N,3052,TOTAL,301,185,113,TRUE,0.620805369127517
EAST LOS ANGELES,2000005A,64,8,N,2912,TOTAL,177,108,66,TRUE,0.620689655172414
LOS ANGELES,9000958A,490,2,N,1975,TOTAL,87,54,33,TRUE,0.620689655172414
LOS ANGELES,9001426A,575,8,N,3687,TOTAL,362,224,137,TRUE,0.620498614958449
LOS ANGELES,9000451A,398,8,N,3078,TOTAL,356,220,135,TRUE,0.619718309859155
LOS ANGELES,9002098A,723,8,N,3177,TOTAL,287,176,108,TRUE,0.619718309859155
LOS ANGELES,9001546A,601,8,N,3483,TOTAL,447,276,170,TRUE,0.618834080717489
LOS ANGELES,9000293A,353,8,N,2170,TOTAL,83,50,31,TRUE,0.617283950617284
LOS ANGELES,9001729A,644,8,N,1822,TOTAL,210,129,80,TRUE,0.617224880382775
LOS ANGELES,9005386A,893,8,N,3566,TOTAL,361,222,138,TRUE,0.616666666666667
LOS ANGELES,9001711A,635,8,N,3144,TOTAL,415,251,157,TRUE,0.615196078431373
LOS ANGELES,9000715A,451,8,N,3309,TOTAL,533,327,205,TRUE,0.614661654135338
LOS ANGELES,9005014A,878,8,N,2879,TOTAL,268,164,103,TRUE,0.614232209737828
LOS ANGELES,9001783B,655,8,N,2431,TOTAL,171,103,65,TRUE,0.613095238095238
LOS ANGELES,9002059A,713,8,N,3384,TOTAL,162,98,62,TRUE,0.6125
WEST ATHENS,7670005A,260,8,N,3140,TOTAL,151,91,58,TRUE,0.610738255033557
TOPANGA,7100030A,251,8,N,2384,TOTAL,393,238,152,TRUE,0.61025641025641
LOS ANGELES,9002280A,762,8,N,3666,TOTAL,545,330,211,TRUE,0.609981515711645
LOS ANGELES,9000585A,430,8,N,3047,TOTAL,183,111,71,TRUE,0.60989010989011
LOS ANGELES,9001024A,507,8,N,1496,TOTAL,105,64,41,TRUE,0.60952380952381
LOS ANGELES,9002306D,766,8,N,2033,TOTAL,185,112,72,TRUE,0.608695652173913
LOS ANGELES,9001631A,622,8,N,2858,TOTAL,339,206,133,TRUE,0.607669616519174
LOS ANGELES,9001042A,512,8,N,1870,TOTAL,57,34,22,TRUE,0.607142857142857
LOS ANGELES,9007168A,957,8,N,2758,TOTAL,211,128,83,TRUE,0.606635071090047
BELVEDERE,0850051A,19,8,N,2446,TOTAL,196,117,76,TRUE,0.606217616580311
LOS ANGELES,9001757A,650,8,N,3136,TOTAL,203,123,80,TRUE,0.605911330049261
LOS ANGELES,9001318A,558,8,N,3604,TOTAL,381,230,150,TRUE,0.605263157894737
LOS ANGELES,9002357A,776,8,N,1830,TOTAL,162,98,64,TRUE,0.604938271604938
WILLOWBROOK,7850002A,278,8,N,1140,TOTAL,43,26,17,TRUE,0.604651162790698
FLORENCE,2300005A,71,2,N,2239,TOTAL,136,81,53,TRUE,0.604477611940298
LOS ANGELES,9001770A,652,8,N,3181,TOTAL,308,185,122,TRUE,0.602605863192182
LOS ANGELES,9001769C,651,8,N,1936,TOTAL,191,115,76,TRUE,0.602094240837696
LOS ANGELES,9000408A,388,8,N,3435,TOTAL,138,83,55,TRUE,0.601449275362319
FLORENCE,2300016A,75,2,N,2186,TOTAL,121,72,48,TRUE,0.6
LOS ANGELES,9001929A,684,8,N,1668,TOTAL,60,36,24,TRUE,0.6
WEST HOLLYWOOD,7750051A,275,8,N,3472,TOTAL,452,268,179,TRUE,0.599552572706935
LOS ANGELES,9001846A,669,8,N,3095,TOTAL,241,143,96,TRUE,0.598326359832636
LOS ANGELES,9001950A,691,8,N,2833,TOTAL,120,70,47,TRUE,0.598290598290598
LOS ANGELES,9000598A,432,8,N,3439,TOTAL,301,180,121,TRUE,0.598006644518272
LOS ANGELES,9000165A,325,8,N,3877,TOTAL,389,232,156,TRUE,0.597938144329897
LOS ANGELES,9001943A,689,8,N,2864,TOTAL,199,117,79,TRUE,0.596938775510204
LOS ANGELES,9000400A,384,8,N,4047,TOTAL,281,167,113,TRUE,0.596428571428571
LOS ANGELES,9001784A,656,8,N,2266,TOTAL,217,127,86,TRUE,0.596244131455399
WEST HOLLYWOOD,7750040A,274,8,N,2516,TOTAL,329,196,133,TRUE,0.595744680851064
LOS ANGELES,9000785A,462,8,N,2721,TOTAL,425,251,172,TRUE,0.59338061465721
LOS ANGELES,9001253A,548,8,N,4088,TOTAL,769,455,312,TRUE,0.593220338983051
LOS ANGELES,9002157A,738,8,N,2053,TOTAL,167,99,68,TRUE,0.592814371257485
LOS ANGELES,9001470A,586,8,N,2269,TOTAL,206,122,84,TRUE,0.592233009708738
LOS ANGELES,9002024A,705,8,N,3034,TOTAL,179,106,73,TRUE,0.592178770949721
LOS ANGELES,9000556A,425,8,N,3288,TOTAL,232,136,94,TRUE,0.591304347826087
BELL,0700001A,3,2,N,2308,TOTAL,161,94,65,TRUE,0.591194968553459
HUNTINGTON PARK,2850005B,93,2,N,2071,TOTAL,115,65,45,TRUE,0.590909090909091
LOS ANGELES,9002005A,699,8,N,3338,TOTAL,134,78,54,TRUE,0.590909090909091
LOS ANGELES,9001786A,657,8,N,1980,TOTAL,205,121,84,TRUE,0.590243902439024
LOS ANGELES,9002529A,808,8,N,2115,TOTAL,100,59,41,TRUE,0.59
LOS ANGELES,9001372A,568,8,N,1908,TOTAL,56,33,23,TRUE,0.589285714285714
LOS ANGELES,9001522A,596,8,N,3384,TOTAL,580,340,237,TRUE,0.589254766031196
LOS ANGELES,9001525A,597,8,N,2058,TOTAL,384,225,157,TRUE,0.589005235602094
LOS ANGELES,9002754A,835,8,N,2845,TOTAL,102,60,42,TRUE,0.588235294117647
WEST ATHENS,7670016A,262,8,N,2712,TOTAL,138,79,56,TRUE,0.585185185185185
LOS ANGELES,9002340A,773,8,N,3640,TOTAL,366,212,151,TRUE,0.584022038567493
HUNTINGTON PARK,2850017A,97,2,N,2605,TOTAL,200,112,80,TRUE,0.583333333333333
LOS ANGELES,9002913A,843,8,N,3896,TOTAL,439,254,182,TRUE,0.582568807339449
LOS ANGELES,9000294A,354,8,N,1889,TOTAL,114,65,47,TRUE,0.580357142857143
LOS ANGELES,9002222A,754,8,N,3153,TOTAL,225,130,94,TRUE,0.580357142857143
LOS ANGELES,9000513A,413,8,N,2629,TOTAL,215,123,89,TRUE,0.580188679245283
WEST ATHENS,7670004A,259,8,N,2612,TOTAL,154,88,64,TRUE,0.578947368421053
LOS ANGELES,9006319A,929,8,N,2902,TOTAL,359,206,150,TRUE,0.578651685393258
LOS ANGELES,9002052A,711,8,N,1721,TOTAL,100,56,41,TRUE,0.577319587628866
LOS ANGELES,9005319A,891,8,N,3394,TOTAL,423,243,178,TRUE,0.577197149643706
LOS ANGELES,9001582B,612,8,N,1720,TOTAL,133,75,55,TRUE,0.576923076923077
LOS ANGELES,9001716A,637,8,N,2207,TOTAL,183,105,77,TRUE,0.576923076923077
LOS ANGELES,9005936A,913,8,N,2506,TOTAL,338,195,143,TRUE,0.576923076923077
LOS ANGELES,9001152A,532,8,N,3496,TOTAL,353,203,149,TRUE,0.576704545454545
LOS ANGELES,9005117A,880,8,N,4014,TOTAL,601,345,254,TRUE,0.575959933222037
LOS ANGELES,9007385A,964,8,N,1190,TOTAL,158,91,67,TRUE,0.575949367088608
MARINA DEL REY,4150053A,204,8,N,2983,TOTAL,383,220,162,TRUE,0.575916230366492
LOS ANGELES,9005188A,885,8,N,3157,TOTAL,344,198,146,TRUE,0.575581395348837
LOS ANGELES,9002084A,718,8,N,3299,TOTAL,403,231,171,TRUE,0.574626865671642
LOS ANGELES,9002342A,774,8,N,3606,TOTAL,322,182,135,TRUE,0.574132492113565
LOS ANGELES,9002485A,800,8,N,2341,TOTAL,122,70,52,TRUE,0.573770491803279
LOS ANGELES,9003969A,869,8,N,2599,TOTAL,184,105,78,TRUE,0.573770491803279
LOS ANGELES,9000856A,470,8,N,3538,TOTAL,409,231,172,TRUE,0.573200992555831
LOS ANGELES,9002162A,741,8,N,3073,TOTAL,256,146,109,TRUE,0.572549019607843
LOS ANGELES,9005189A,886,8,N,2639,TOTAL,201,115,86,TRUE,0.572139303482587
EAST LOS ANGELES,2000033A,68,8,N,2353,TOTAL,173,93,70,TRUE,0.570552147239264
LOS ANGELES,9003958A,868,8,N,4265,TOTAL,712,406,306,TRUE,0.570224719101124
LOS ANGELES,9001196A,539,8,N,3159,TOTAL,401,225,170,TRUE,0.569620253164557
LOS ANGELES,9001030A,508,8,N,1986,TOTAL,152,86,65,TRUE,0.56953642384106
LOS ANGELES,9002329A,769,8,N,1367,TOTAL,144,82,62,TRUE,0.569444444444444
LOS ANGELES,9001549A,602,8,N,2504,TOTAL,354,201,152,TRUE,0.569405099150142
LOS ANGELES,9001824A,667,8,N,2688,TOTAL,462,263,199,TRUE,0.569264069264069
LOS ANGELES,9000140A,320,8,N,2887,TOTAL,264,150,114,TRUE,0.568181818181818
EAST LOS ANGELES,2000003A,63,8,N,3142,TOTAL,194,110,84,TRUE,0.56701030927835
SOUTH GATE,6550029A,240,2,N,2219,TOTAL,100,55,42,TRUE,0.56701030927835
LOS ANGELES,9000289A,352,8,N,2721,TOTAL,160,90,69,TRUE,0.566037735849057
LOS ANGELES,9001941A,688,8,N,1996,TOTAL,69,39,30,TRUE,0.565217391304348
LOS ANGELES,9000405A,386,8,N,2066,TOTAL,154,87,67,TRUE,0.564935064935065
LOS ANGELES,9001702A,633,8,N,4310,TOTAL,716,401,309,TRUE,0.564788732394366
LOS ANGELES,9001602A,616,8,N,3040,TOTAL,153,83,64,TRUE,0.564625850340136
LOS ANGELES,9002007A,700,8,N,1863,TOTAL,140,79,61,TRUE,0.564285714285714
BELVEDERE,0850061A,20,8,N,3223,TOTAL,268,150,116,TRUE,0.56390977443609
LOS ANGELES,9001554A,603,8,N,1953,TOTAL,334,188,146,TRUE,0.562874251497006
LOS ANGELES,9002471A,796,8,N,2850,TOTAL,167,94,73,TRUE,0.562874251497006
LOS ANGELES,9002443A,790,8,N,3924,TOTAL,737,413,321,TRUE,0.56267029972752
LOS ANGELES,9003036A,850,8,N,3514,TOTAL,532,298,232,TRUE,0.562264150943396
LOS ANGELES,9001528B,598,8,N,3576,TOTAL,744,417,325,TRUE,0.56199460916442
LOS ANGELES,9002022A,704,8,N,2498,TOTAL,164,92,72,TRUE,0.560975609756098
LOS ANGELES,9000466A,402,8,N,2937,TOTAL,478,267,209,TRUE,0.560924369747899
LOS ANGELES,9002921A,844,8,N,2947,TOTAL,506,282,223,TRUE,0.558415841584159
LOS ANGELES,9001724A,642,8,N,2593,TOTAL,279,153,121,TRUE,0.558394160583942
LOS ANGELES,9002283A,763,8,N,3369,TOTAL,628,350,277,TRUE,0.558213716108453
LOS ANGELES,9000490A,404,8,N,1950,TOTAL,190,106,84,TRUE,0.557894736842105
LOS ANGELES,9000038B,288,8,N,3198,TOTAL,296,162,129,TRUE,0.556701030927835
LOS ANGELES,9005299A,888,8,N,2041,TOTAL,295,164,131,TRUE,0.55593220338983
LOS ANGELES,9000317A,358,8,N,4117,TOTAL,556,309,247,TRUE,0.555755395683453
LOS ANGELES,9001164A,534,8,N,3832,TOTAL,613,340,272,TRUE,0.555555555555556
LOS ANGELES,9001210A,541,8,N,3174,TOTAL,236,130,104,TRUE,0.555555555555556
LOS ANGELES,9007131A,956,8,N,4059,TOTAL,721,397,318,TRUE,0.555244755244755
LOS ANGELES,9002363A,778,8,N,2146,TOTAL,220,122,98,TRUE,0.554545454545455
WEST ATHENS,7670003A,258,8,N,3256,TOTAL,166,92,74,TRUE,0.55421686746988
LOS ANGELES,9002021A,703,8,N,2179,TOTAL,131,72,58,TRUE,0.553846153846154
LOS ANGELES,9002095A,722,8,N,1582,TOTAL,186,103,83,TRUE,0.553763440860215
LOS ANGELES,9005666B,905,8,N,2876,TOTAL,181,98,79,TRUE,0.553672316384181
LOS ANGELES,9001920A,682,8,N,3198,TOTAL,215,119,96,TRUE,0.553488372093023
LOS ANGELES,9001927C,683,8,N,2054,TOTAL,154,84,68,TRUE,0.552631578947368
LOS ANGELES,9001436A,579,8,N,3656,TOTAL,477,263,213,TRUE,0.552521008403361
LOS ANGELES,9001998A,696,2,N,2258,TOTAL,106,58,47,TRUE,0.552380952380952
LOS ANGELES,9002472A,797,8,N,1825,TOTAL,145,80,65,TRUE,0.551724137931034
LOS ANGELES,9000927A,485,8,N,3413,TOTAL,283,156,127,TRUE,0.551236749116608
LOS ANGELES,9002043A,709,8,N,2272,TOTAL,140,77,63,TRUE,0.55
HUNTINGTON PARK,2850050A,101,2,N,2728,TOTAL,249,133,109,TRUE,0.549586776859504
LOS ANGELES,9000687A,447,8,N,2653,TOTAL,336,183,150,TRUE,0.54954954954955
LOS ANGELES,9001712C,636,8,N,1091,TOTAL,52,28,23,TRUE,0.549019607843137
LOS ANGELES,9002461A,795,8,N,2038,TOTAL,167,91,75,TRUE,0.548192771084337
FLORENCE,2300040A,78,2,N,2563,TOTAL,140,74,61,TRUE,0.548148148148148
LOS ANGELES,9000366A,373,8,N,1749,TOTAL,147,80,66,TRUE,0.547945205479452
LOS ANGELES,9002073A,715,8,N,2883,TOTAL,202,108,90,TRUE,0.545454545454545
LOS ANGELES,9002873A,839,8,N,3639,TOTAL,431,234,195,TRUE,0.545454545454545
LOS ANGELES,9001622B,620,8,N,1922,TOTAL,215,116,97,TRUE,0.544600938967136
LOS ANGELES,9000380A,375,8,N,3243,TOTAL,599,325,273,TRUE,0.543478260869565
LOS ANGELES,9002322A,768,8,N,3478,TOTAL,359,194,163,TRUE,0.543417366946779
LOS ANGELES,9000988A,497,8,N,3594,TOTAL,398,215,181,TRUE,0.542929292929293
LOS ANGELES,9001899A,678,8,N,2488,TOTAL,213,115,97,TRUE,0.542452830188679
LOS ANGELES,9002156A,737,8,N,2154,TOTAL,96,52,44,TRUE,0.541666666666667
LOS ANGELES,9000420G,6045,8,Y,168,TOTAL,37,20,17,TRUE,0.540540540540541
LOS ANGELES,9002662A,828,8,N,3451,TOTAL,263,142,121,TRUE,0.539923954372624
CUDAHY,1550001A,57,2,N,2361,TOTAL,196,102,87,TRUE,0.53968253968254
LOS ANGELES,9001911A,680,8,N,3047,TOTAL,206,111,95,TRUE,0.538834951456311
LOS ANGELES,9001233A,546,8,N,2883,TOTAL,515,276,237,TRUE,0.538011695906433
LOS ANGELES,9002456A,794,8,N,2631,TOTAL,205,108,93,TRUE,0.537313432835821
BELVEDERE,0850012A,17,8,N,3215,TOTAL,255,134,116,TRUE,0.536
LOS ANGELES,9000415A,391,8,N,2553,TOTAL,209,112,97,TRUE,0.535885167464115
LOS ANGELES,9002549A,815,8,N,1932,TOTAL,115,61,53,TRUE,0.535087719298246
LOS ANGELES,9001721A,641,8,N,1948,TOTAL,177,92,80,TRUE,0.534883720930232
SOUTH GATE,6550035A,242,2,N,1959,TOTAL,131,70,61,TRUE,0.534351145038168
LOS ANGELES,9002338A,772,8,N,3252,TOTAL,208,110,96,TRUE,0.533980582524272
LOS ANGELES,9001300A,555,8,N,2928,TOTAL,405,214,187,TRUE,0.533665835411471
FLORENCE,2300004A,70,2,N,2449,TOTAL,135,72,63,TRUE,0.533333333333333
LOS ANGELES,9000319A,359,8,N,3312,TOTAL,437,232,203,TRUE,0.533333333333333
LOS ANGELES,9002766A,836,8,N,4493,TOTAL,657,349,306,TRUE,0.532824427480916
LOS ANGELES,9002054B,712,8,N,1962,TOTAL,122,65,57,TRUE,0.532786885245902
LOS ANGELES,9001563A,607,8,N,1861,TOTAL,93,49,43,TRUE,0.532608695652174
LOS ANGELES,9002584A,821,8,N,2844,TOTAL,154,82,72,TRUE,0.532467532467532
FLORENCE,2300009A,73,2,N,1806,TOTAL,109,58,51,TRUE,0.532110091743119
LOS ANGELES,9002169A,743,8,N,2811,TOTAL,288,152,134,TRUE,0.531468531468531
LOS ANGELES,9000273B,349,8,N,3479,TOTAL,272,144,127,TRUE,0.531365313653137
LOS ANGELES,9002050B,710,8,N,2162,TOTAL,97,51,45,TRUE,0.53125
LOS ANGELES,9005151B,882,8,N,2286,TOTAL,357,187,165,TRUE,0.53125
CARSON,1030045A,30,8,N,2160,TOTAL,132,70,62,TRUE,0.53030303030303
LOS ANGELES,9001514A,595,8,N,1800,TOTAL,334,176,156,TRUE,0.530120481927711
LOS ANGELES,9000684A,446,8,N,2127,TOTAL,368,194,172,TRUE,0.530054644808743
LOS ANGELES,9002454A,793,8,N,1806,TOTAL,103,53,47,TRUE,0.53
LOS ANGELES,9000545A,422,8,N,2538,TOTAL,152,80,71,TRUE,0.529801324503311
LOS ANGELES,9000902B,477,8,N,1930,TOTAL,173,90,80,TRUE,0.529411764705882
LOS ANGELES,9000586A,431,8,N,2659,TOTAL,447,236,210,TRUE,0.52914798206278
LOS ANGELES,9001621A,619,8,N,3397,TOTAL,573,303,270,TRUE,0.528795811518325
FLORENCE,2300042A,79,2,N,2186,TOTAL,71,37,33,TRUE,0.528571428571429
LOS ANGELES,9001137A,531,8,N,4102,TOTAL,600,315,281,TRUE,0.528523489932886
LOS ANGELES,9005833A,907,8,N,4230,TOTAL,631,332,298,TRUE,0.526984126984127
LOS ANGELES,9001640A,624,8,N,3656,TOTAL,358,188,169,TRUE,0.526610644257703
LOS ANGELES,9001279A,551,8,N,3191,TOTAL,571,297,267,TRUE,0.526595744680851
WEST ATHENS,7670017A,263,8,N,3297,TOTAL,256,131,118,TRUE,0.526104417670683
LOS ANGELES,9001787A,658,8,N,2467,TOTAL,214,112,101,TRUE,0.525821596244132
LOS ANGELES,9001747A,648,8,N,1963,TOTAL,158,83,75,TRUE,0.525316455696203
LOS ANGELES,9000427A,395,8,N,3155,TOTAL,242,127,115,TRUE,0.524793388429752
BELVEDERE,0850037A,18,8,N,3416,TOTAL,224,117,106,TRUE,0.524663677130045
LOS ANGELES,9000524A,416,8,N,3395,TOTAL,346,181,164,TRUE,0.52463768115942
LOS ANGELES,9002430A,789,8,N,3873,TOTAL,459,239,217,TRUE,0.524122807017544
LOS ANGELES,9006315A,928,8,N,3361,TOTAL,670,350,318,TRUE,0.523952095808383
LOS ANGELES,9001031A,509,8,N,2332,TOTAL,129,67,61,TRUE,0.5234375
LOS ANGELES,9000774B,459,8,N,3750,TOTAL,521,272,248,TRUE,0.523076923076923
LOS ANGELES,9001755A,649,8,N,2524,TOTAL,154,80,73,TRUE,0.522875816993464
LOS ANGELES,9002901A,841,8,N,4329,TOTAL,635,332,303,TRUE,0.522834645669291
LOS ANGELES,9000980A,495,8,N,3941,TOTAL,482,252,230,TRUE,0.522821576763486
LOS ANGELES,9002392A,782,8,N,4251,TOTAL,594,309,283,TRUE,0.521959459459459
LOS ANGELES,9001227A,544,8,N,1548,TOTAL,233,121,111,TRUE,0.521551724137931
LOS ANGELES,9005537A,898,8,N,3379,TOTAL,290,149,137,TRUE,0.520979020979021
LOS ANGELES,9002672A,830,8,N,2142,TOTAL,97,50,46,TRUE,0.520833333333333
LOS ANGELES,9002890A,840,8,N,2060,TOTAL,246,128,118,TRUE,0.520325203252033
LOS ANGELES,9001452A,582,8,N,2967,TOTAL,620,321,296,TRUE,0.520259319286872
BELL,0700013A,7,2,N,2574,TOTAL,178,90,83,TRUE,0.520231213872832
LOS ANGELES,9000757A,456,8,N,2606,TOTAL,433,224,207,TRUE,0.519721577726218
LOS ANGELES,9005187A,884,8,N,2730,TOTAL,459,238,221,TRUE,0.518518518518518
LOS ANGELES,9001567A,609,8,N,3532,TOTAL,698,359,334,TRUE,0.518037518037518
LOS ANGELES,9001159A,533,8,N,2368,TOTAL,117,60,56,TRUE,0.517241379310345
LOS ANGELES,9001907A,679,8,N,3214,TOTAL,261,135,126,TRUE,0.517241379310345
LOS ANGELES,9000882A,473,8,N,3713,TOTAL,535,276,258,TRUE,0.51685393258427
LOS ANGELES,9001851A,670,8,N,3022,TOTAL,241,124,116,TRUE,0.516666666666667
LOS ANGELES,9001488A,592,8,N,3413,TOTAL,344,177,167,TRUE,0.51453488372093
FLORENCE,2300002A,69,2,N,1806,TOTAL,108,54,51,TRUE,0.514285714285714
LOS ANGELES,9002042B,708,8,N,1911,TOTAL,107,54,51,TRUE,0.514285714285714
WALNUT PARK,7650006A,257,2,N,2130,TOTAL,152,75,71,TRUE,0.513698630136986
FLORENCE,2300013A,74,2,N,2423,TOTAL,150,76,72,TRUE,0.513513513513513
LOS ANGELES,9002566A,818,8,N,1522,TOTAL,82,42,40,TRUE,0.51219512195122
LOS ANGELES,9000900A,476,8,N,2308,TOTAL,258,131,125,TRUE,0.51171875
LOS ANGELES,9001077A,520,8,N,3279,TOTAL,217,111,106,TRUE,0.511520737327189
SOUTH GATE,6550019B,237,2,N,2585,TOTAL,178,91,87,TRUE,0.51123595505618
SOUTH GATE,6550004A,230,2,N,1978,TOTAL,96,48,46,TRUE,0.51063829787234
LOS ANGELES,9002333B,770,8,N,817,TOTAL,144,72,69,TRUE,0.51063829787234
LOS ANGELES,9003029A,849,8,N,3286,TOTAL,238,121,116,TRUE,0.510548523206751
MONTEREY PARK,4500090A,209,8,N,983,TOTAL,96,49,47,TRUE,0.510416666666667
LOS ANGELES,9001932B,686,8,N,1937,TOTAL,97,49,47,TRUE,0.510416666666667
LOS ANGELES,9001117A,528,8,N,1564,TOTAL,51,26,25,TRUE,0.509803921568627
LOS ANGELES,9001485A,590,8,N,3387,TOTAL,442,223,215,TRUE,0.509132420091324
LOS ANGELES,9001256A,549,8,N,4648,TOTAL,921,468,452,TRUE,0.508695652173913
FLORENCE,2300008A,72,2,N,2356,TOTAL,124,61,59,TRUE,0.508333333333333
BELL,0700019A,8,2,N,2367,TOTAL,189,93,90,TRUE,0.508196721311475
LOS ANGELES,9000336A,367,8,N,3247,TOTAL,396,201,195,TRUE,0.507575757575758
LOS ANGELES,9000821A,465,8,N,3206,TOTAL,353,174,169,TRUE,0.507288629737609
LOS ANGELES,9000402A,385,8,N,3978,TOTAL,555,281,273,TRUE,0.507220216606498
LOS ANGELES,9000102A,309,8,N,3109,TOTAL,280,141,137,TRUE,0.507194244604317
BELL,0700002A,4,2,N,2361,TOTAL,147,74,72,TRUE,0.506849315068493
FLORENCE,2300025A,77,2,N,1715,TOTAL,88,43,42,TRUE,0.505882352941176
BELVEDERE,0850001A,15,8,N,3467,TOTAL,325,164,161,TRUE,0.504615384615385
BELL,0700007B,6,2,N,1743,TOTAL,117,57,56,TRUE,0.504424778761062
LOS ANGELES,9006321A,930,8,N,3375,TOTAL,474,238,234,TRUE,0.504237288135593
LOS ANGELES,9003078A,852,8,N,3309,TOTAL,477,239,235,TRUE,0.5042194092827
LOS ANGELES,9001121A,529,8,N,3308,TOTAL,443,221,218,TRUE,0.503416856492027
LOS ANGELES,9001565A,608,8,N,1927,TOTAL,319,160,158,TRUE,0.50314465408805
LOS ANGELES,9002302A,765,8,N,1683,TOTAL,191,95,94,TRUE,0.502645502645503
LOS ANGELES,9003228A,858,8,N,4279,TOTAL,587,295,292,TRUE,0.502555366269165
LOS ANGELES,9001094A,524,8,N,2855,TOTAL,467,234,232,TRUE,0.502145922746781
LOS ANGELES,9000885A,474,8,N,1691,TOTAL,277,139,138,TRUE,0.501805054151625
LOS ANGELES,9000553D,424,8,N,3846,TOTAL,362,181,180,TRUE,0.501385041551247
LOS ANGELES,9000537A,420,8,N,3724,TOTAL,367,184,183,TRUE,0.501362397820163
LOS ANGELES,9002248A,757,8,N,3750,TOTAL,560,277,276,TRUE,0.500904159132007
LOS ANGELES,9005145A,881,8,N,4072,TOTAL,658,327,326,TRUE,0.500765696784073
HUNTINGTON PARK,2850015A,96,2,N,1999,TOTAL,162,80,80,FALSE,0.5
INGLEWOOD,2950146G,6029,8,Y,8,TOTAL,2,1,1,FALSE,0.5
LOS ANGELES,9000244A,342,8,N,2981,TOTAL,134,67,67,FALSE,0.5
LOS ANGELES,9001966A,693,8,N,1847,TOTAL,80,40,40,FALSE,0.5
LOS ANGELES,9002477A,798,8,N,3184,TOTAL,252,126,126,FALSE,0.5
LOS ANGELES,9002523A,807,8,N,3158,TOTAL,162,81,81,FALSE,0.5
LOS ANGELES,9001083A,522,8,N,4353,TOTAL,681,338,339,FALSE,0.499261447562777
LOS ANGELES,9000789C,463,8,N,3654,TOTAL,509,252,253,FALSE,0.499009900990099
VIEW PARK,7510005A,253,8,N,1928,TOTAL,277,138,139,FALSE,0.498194945848375
LOS ANGELES,9002136A,732,8,N,1840,TOTAL,135,67,68,FALSE,0.496296296296296
LOS ANGELES,9002129B,730,8,N,3016,TOTAL,265,131,133,FALSE,0.496212121212121
LOS ANGELES,9000226A,339,8,N,4139,TOTAL,455,223,227,FALSE,0.495555555555556
LOS ANGELES,9002193A,749,8,N,640,TOTAL,107,53,54,FALSE,0.495327102803738
CARSON,1030032A,26,8,N,1463,TOTAL,178,88,90,FALSE,0.49438202247191
HUNTINGTON PARK,2850025A,98,2,N,2203,TOTAL,178,87,89,FALSE,0.494318181818182
LOS ANGELES,9002548A,814,8,N,1976,TOTAL,77,38,39,FALSE,0.493506493506493
BELVEDERE,0850006B,16,8,N,3410,TOTAL,304,150,154,FALSE,0.493421052631579
LOS ANGELES,9002556A,817,8,N,3965,TOTAL,582,287,295,FALSE,0.493127147766323
LOS ANGELES,9000359A,371,8,N,3545,TOTAL,286,141,145,FALSE,0.493006993006993
LOS ANGELES,9001895A,677,8,N,3346,TOTAL,284,139,143,FALSE,0.49290780141844
GARDENA,2500023A,84,8,N,4610,TOTAL,407,200,206,FALSE,0.492610837438424
LOS ANGELES,9000323A,360,8,N,3543,TOTAL,454,222,229,FALSE,0.492239467849224
LOS ANGELES,9000116A,312,8,N,3536,TOTAL,307,150,155,FALSE,0.491803278688525
LOS ANGELES,9001558A,604,8,N,3168,TOTAL,699,341,353,FALSE,0.49135446685879
LOS ANGELES,9000422A,393,8,N,3523,TOTAL,612,298,310,FALSE,0.490131578947368
FLORENCE,2300019A,76,2,N,2054,TOTAL,98,48,50,FALSE,0.489795918367347
LOS ANGELES,9005183B,883,8,N,2558,TOTAL,342,166,173,FALSE,0.489675516224189
SOUTH GATE,6550015A,235,2,N,1945,TOTAL,144,70,73,FALSE,0.48951048951049
LOS ANGELES,9002492A,802,8,N,2767,TOTAL,285,139,145,FALSE,0.48943661971831
LOS ANGELES,9001434A,578,8,N,3266,TOTAL,279,133,139,FALSE,0.488970588235294
LOS ANGELES,9000201A,334,8,N,3961,TOTAL,448,216,226,FALSE,0.48868778280543
LOS ANGELES,9002409A,785,8,N,1714,TOTAL,307,149,156,FALSE,0.488524590163934
LOS ANGELES,9002537A,811,8,N,1944,TOTAL,84,41,43,FALSE,0.488095238095238
MAYWOOD,4200009A,207,2,N,2543,TOTAL,210,102,107,FALSE,0.488038277511962
EAST LOS ANGELES,2000011A,65,8,N,3271,TOTAL,199,97,102,FALSE,0.487437185929648
LOS ANGELES,9006276B,923,7,N,2263,TOTAL,110,53,56,FALSE,0.486238532110092
LOS ANGELES,9006337A,932,8,N,3769,TOTAL,719,348,368,FALSE,0.486033519553073
DOMINGUEZ,1800020B,61,8,N,814,TOTAL,103,50,53,FALSE,0.485436893203883
LOS ANGELES,9000385A,379,8,N,3311,TOTAL,320,155,165,FALSE,0.484375
LOS ANGELES,9002068A,714,8,N,3463,TOTAL,507,245,261,FALSE,0.484189723320158
LOS ANGELES,9000149A,322,8,N,3247,TOTAL,343,166,177,FALSE,0.483965014577259
LOS ANGELES,9002033A,707,8,N,3299,TOTAL,155,75,80,FALSE,0.483870967741936
LOS ANGELES,9001266A,550,8,N,3980,TOTAL,709,342,365,FALSE,0.483734087694484
LOS ANGELES,9002144A,734,8,N,1989,TOTAL,150,72,77,FALSE,0.483221476510067
LOS ANGELES,9000913D,482,8,N,2755,TOTAL,289,139,149,FALSE,0.482638888888889
LOS ANGELES,9002298A,764,8,N,3622,TOTAL,507,243,261,FALSE,0.482142857142857
LOS ANGELES,9002150A,735,8,N,3390,TOTAL,251,121,130,FALSE,0.48207171314741
MAYWOOD,4200005A,205,2,N,2373,TOTAL,171,80,86,FALSE,0.481927710843373
LOS ANGELES,9002397A,783,8,N,2335,TOTAL,363,173,186,FALSE,0.481894150417827
LOS ANGELES,9002633B,826,8,N,3314,TOTAL,245,117,126,FALSE,0.481481481481481
LOS ANGELES,9001855A,671,8,N,3162,TOTAL,237,114,123,FALSE,0.481012658227848
LOS ANGELES,9001052A,515,8,N,3892,TOTAL,717,343,372,FALSE,0.47972027972028
LOS ANGELES,9001931A,685,8,N,3528,TOTAL,626,299,325,FALSE,0.479166666666667
LOS ANGELES,9002903A,842,8,N,3591,TOTAL,263,125,136,FALSE,0.478927203065134
LOS ANGELES,9001016A,506,8,N,3823,TOTAL,563,267,291,FALSE,0.478494623655914
LOS ANGELES,9000205B,335,8,N,3595,TOTAL,254,121,132,FALSE,0.478260869565217
LOS ANGELES,9000494A,406,8,N,2905,TOTAL,321,153,168,FALSE,0.476635514018692
LOS ANGELES,9000123A,314,8,N,3008,TOTAL,341,160,179,FALSE,0.471976401179941
LOS ANGELES,9000575A,429,8,N,3718,TOTAL,588,277,310,FALSE,0.471890971039182
LOS ANGELES,9000607A,435,8,N,3301,TOTAL,440,206,231,FALSE,0.471395881006865
LOS ANGELES,9002231A,755,8,N,2873,TOTAL,396,186,209,FALSE,0.470886075949367
HUNTINGTON PARK,2850026A,99,2,N,1889,TOTAL,150,70,79,FALSE,0.469798657718121
GARDENA,2500024A,85,8,N,2109,TOTAL,215,101,114,FALSE,0.469767441860465
VIEW PARK,7510001A,252,8,N,3879,TOTAL,676,316,358,FALSE,0.468842729970326
LOS ANGELES,9002086A,719,8,N,3130,TOTAL,266,124,141,FALSE,0.467924528301887
LOS ANGELES,9000919A,484,8,N,2109,TOTAL,218,102,116,FALSE,0.467889908256881
LOS ANGELES,9000428A,396,8,N,3262,TOTAL,515,240,273,FALSE,0.467836257309942
LOS ANGELES,9005916B,908,8,N,3291,TOTAL,726,337,384,FALSE,0.467406380027739
WALNUT PARK,7650005A,256,2,N,2291,TOTAL,187,84,96,FALSE,0.466666666666667
LOS ANGELES,9001624A,621,8,N,2930,TOTAL,529,245,281,FALSE,0.465779467680608
LOS ANGELES,9001456A,583,8,N,3044,TOTAL,687,319,367,FALSE,0.465014577259475
SOUTH GATE,6550055A,246,2,N,2212,TOTAL,161,73,84,FALSE,0.464968152866242
LOS ANGELES,9000442A,397,8,N,3135,TOTAL,343,158,182,FALSE,0.464705882352941
SOUTH GATE,6550011A,234,2,N,2554,TOTAL,131,59,68,FALSE,0.464566929133858
CUDAHY,1550009A,60,2,N,1916,TOTAL,114,52,60,FALSE,0.464285714285714
EAST LOS ANGELES,2000022A,66,8,N,3409,TOTAL,294,134,155,FALSE,0.463667820069204
LOS ANGELES,9001373A,569,8,N,2588,TOTAL,621,287,332,FALSE,0.463651050080775
LOS ANGELES,9000231A,340,8,N,3089,TOTAL,612,281,327,FALSE,0.462171052631579
LOS ANGELES,9002107A,724,8,N,3271,TOTAL,485,224,261,FALSE,0.461855670103093
MAYWOOD,4200008B,206,2,N,2326,TOTAL,177,78,91,FALSE,0.461538461538462
LOS ANGELES,9005921A,910,8,N,2594,TOTAL,555,253,296,FALSE,0.460837887067395
CARSON,1030105A,35,8,N,3374,TOTAL,551,251,294,FALSE,0.460550458715596
LOS ANGELES,9002215A,753,8,N,1874,TOTAL,152,70,82,FALSE,0.460526315789474
CARSON,1030026A,24,8,N,3467,TOTAL,403,184,217,FALSE,0.458852867830424
LOS ANGELES,9001177A,536,8,N,2290,TOTAL,483,217,256,FALSE,0.45877378435518
GARDENA,2500035A,87,8,N,3561,TOTAL,472,215,254,FALSE,0.458422174840085
LOS ANGELES,9002090A,721,8,N,3472,TOTAL,335,153,181,FALSE,0.458083832335329
LOS ANGELES,9001706A,634,2,N,2138,TOTAL,107,48,57,FALSE,0.457142857142857
LOS ANGELES,9000197A,333,8,N,3688,TOTAL,462,210,250,FALSE,0.456521739130435
LOS ANGELES,9002362A,777,8,N,1638,TOTAL,241,110,131,FALSE,0.45643153526971
LOS ANGELES,9007744A,969,8,N,3131,TOTAL,245,110,131,FALSE,0.45643153526971
LOS ANGELES,9000525B,417,8,N,4075,TOTAL,377,172,205,FALSE,0.456233421750663
HUNTINGTON PARK,2850011A,95,2,N,2121,TOTAL,161,72,86,FALSE,0.455696202531646
LOS ANGELES,9001940C,687,2,N,2469,TOTAL,116,50,60,FALSE,0.454545454545455
WEST ATHENS,7670012A,261,8,N,3473,TOTAL,380,172,207,FALSE,0.453825857519789
BELL,0700006A,5,2,N,1943,TOTAL,164,73,88,FALSE,0.453416149068323
LOS ANGELES,9000119A,313,8,N,3549,TOTAL,341,154,186,FALSE,0.452941176470588
LOS ANGELES,9000039A,289,8,N,1608,TOTAL,279,125,151,FALSE,0.452898550724638
LOS ANGELES,9000391A,381,8,N,3408,TOTAL,257,114,138,FALSE,0.452380952380952
LOS ANGELES,9000089A,302,8,N,3227,TOTAL,341,154,187,FALSE,0.451612903225806
LOS ANGELES,9002588C,822,8,N,1536,TOTAL,84,37,45,FALSE,0.451219512195122
LOS ANGELES,9002167A,742,8,N,2810,TOTAL,284,128,156,FALSE,0.450704225352113
LOS ANGELES,9000157A,323,8,N,3494,TOTAL,341,153,187,FALSE,0.45
LOS ANGELES,9000250A,344,8,N,2768,TOTAL,331,148,181,FALSE,0.449848024316109
LOS ANGELES,9005635A,901,8,N,3269,TOTAL,236,106,130,FALSE,0.449152542372881
LOS ANGELES,9001560A,605,8,N,1667,TOTAL,461,207,254,FALSE,0.449023861171367
LOS ANGELES,9002153A,736,8,N,1827,TOTAL,129,57,70,FALSE,0.448818897637795
CARSON,1030042B,29,8,N,2660,TOTAL,313,140,172,FALSE,0.448717948717949
LOS ANGELES,9002424A,788,8,N,4228,TOTAL,651,292,359,FALSE,0.448540706605223
TOPANGA,7100002A,250,8,N,2446,TOTAL,437,195,241,FALSE,0.447247706422018
LOS ANGELES,9002207A,750,8,N,1769,TOTAL,200,89,110,FALSE,0.447236180904523
LOS ANGELES,9001884A,674,8,N,3459,TOTAL,635,281,348,FALSE,0.446740858505564
LOS ANGELES,9000324A,361,8,N,2767,TOTAL,199,88,109,FALSE,0.446700507614213
LOS ANGELES,9002505A,804,8,N,1948,TOTAL,207,92,114,FALSE,0.446601941747573
LOS ANGELES,9003998A,871,8,N,3295,TOTAL,307,137,170,FALSE,0.446254071661238
LOS ANGELES,9001329A,560,8,N,3303,TOTAL,641,285,354,FALSE,0.446009389671362
LOS ANGELES,9003683A,863,8,N,3428,TOTAL,436,193,240,FALSE,0.445727482678984
LOS ANGELES,9000503A,409,8,N,2942,TOTAL,286,127,158,FALSE,0.445614035087719
LOS ANGELES,9000916A,483,8,N,3001,TOTAL,360,159,198,FALSE,0.445378151260504
CARSON,1030048A,31,8,N,3701,TOTAL,459,204,255,FALSE,0.444444444444444
SOUTH GATE,6550052A,245,2,N,2512,TOTAL,219,96,120,FALSE,0.444444444444444
LOS ANGELES,9000098A,306,8,N,2591,TOTAL,234,104,130,FALSE,0.444444444444444
LOS ANGELES,9006324A,931,8,N,2309,TOTAL,381,168,210,FALSE,0.444444444444444
LOS ANGELES,9002507A,805,8,N,1446,TOTAL,178,79,99,FALSE,0.443820224719101
HUNTINGTON PARK,2850029A,100,2,N,1312,TOTAL,99,43,54,FALSE,0.443298969072165
COMMERCE,1430002A,43,8,N,799,TOTAL,53,23,29,FALSE,0.442307692307692
LOS ANGELES,9000536A,419,8,N,3436,TOTAL,353,156,197,FALSE,0.441926345609065
LOS ANGELES,9005196A,887,8,N,2605,TOTAL,413,181,229,FALSE,0.441463414634146
WEST ATHENS,7670024A,265,8,N,3279,TOTAL,336,147,186,FALSE,0.441441441441441
LOS ANGELES,9003899A,865,8,N,4116,TOTAL,368,162,205,FALSE,0.44141689373297
LOS ANGELES,9001562A,606,8,N,2797,TOTAL,621,274,347,FALSE,0.44122383252818
LOS ANGELES,9001127B,530,8,N,2548,TOTAL,483,213,270,FALSE,0.440993788819876
LOS ANGELES,9002594A,823,8,N,3880,TOTAL,383,168,213,FALSE,0.440944881889764
LOS ANGELES,9000945B,488,8,N,2047,TOTAL,160,70,89,FALSE,0.440251572327044
WALNUT PARK,7650001A,255,2,N,2614,TOTAL,191,81,103,FALSE,0.440217391304348
LOS ANGELES,9000572A,428,8,N,3775,TOTAL,558,245,312,FALSE,0.439856373429084
LOS ANGELES,9000766A,458,8,N,2749,TOTAL,466,201,257,FALSE,0.438864628820961
GARDENA,2500013A,82,8,N,3826,TOTAL,385,168,215,FALSE,0.438642297650131
LOS ANGELES,9005918A,909,8,N,3011,TOTAL,700,306,393,FALSE,0.437768240343348
SOUTH GATE,6550010A,233,2,N,2120,TOTAL,131,56,72,FALSE,0.4375
LOS ANGELES,9002405A,784,8,N,840,TOTAL,113,49,63,FALSE,0.4375
LOS ANGELES,9002499A,803,8,N,3055,TOTAL,380,164,211,FALSE,0.437333333333333
LOS ANGELES,9000760A,457,8,N,2867,TOTAL,655,282,363,FALSE,0.437209302325581
LOS ANGELES,9001474A,589,8,N,2006,TOTAL,530,231,298,FALSE,0.436672967863894
LOS ANGELES,9000131A,316,7,N,2683,TOTAL,355,148,191,FALSE,0.436578171091445
LOS ANGELES,9000114A,311,8,N,3799,TOTAL,428,186,241,FALSE,0.43559718969555
LOS ANGELES,9001173A,535,8,N,2589,TOTAL,479,206,267,FALSE,0.435517970401691
LOS ANGELES,9002572A,820,8,N,1808,TOTAL,147,64,83,FALSE,0.435374149659864
LOS ANGELES,9000396A,382,8,N,3220,TOTAL,286,121,157,FALSE,0.435251798561151
LOS ANGELES,9000134A,318,8,N,2474,TOTAL,191,83,108,FALSE,0.43455497382199
EAST LOS ANGELES,2000030A,67,8,N,3260,TOTAL,261,112,146,FALSE,0.434108527131783
LOS ANGELES,9002414A,786,8,N,3278,TOTAL,343,148,193,FALSE,0.434017595307918
LOS ANGELES,9000063A,295,8,N,3594,TOTAL,325,141,184,FALSE,0.433846153846154
CARSON,1030001A,22,8,N,3504,TOTAL,391,169,221,FALSE,0.433333333333333
LOS ANGELES,9001180A,537,8,N,2203,TOTAL,346,149,195,FALSE,0.433139534883721
LOS ANGELES,9002510A,806,8,N,3215,TOTAL,257,110,144,FALSE,0.433070866141732
SOUTH GATE,6550006A,231,2,N,1603,TOTAL,106,45,59,FALSE,0.432692307692308
LOS ANGELES,9000510A,412,8,N,3464,TOTAL,262,112,147,FALSE,0.432432432432432
LOS ANGELES,9000531A,418,8,N,3731,TOTAL,423,182,239,FALSE,0.432304038004751
HAWTHORNE,2700094D,91,8,N,2411,TOTAL,374,161,212,FALSE,0.431635388739946
LOS ANGELES,9001613A,617,8,N,2719,TOTAL,406,175,231,FALSE,0.431034482758621
LOS ANGELES,9001472A,587,8,N,3550,TOTAL,809,348,460,FALSE,0.430693069306931
LOS ANGELES,9000569A,426,8,N,3434,TOTAL,498,213,282,FALSE,0.43030303030303
LOS ANGELES,9000238A,341,8,N,3752,TOTAL,472,202,268,FALSE,0.429787234042553
LOS ANGELES,9007807A,972,7,N,3027,TOTAL,439,182,242,FALSE,0.429245283018868
LOS ANGELES,9000382A,377,8,N,3490,TOTAL,310,133,177,FALSE,0.429032258064516
ATHENS,0450002A,1,8,N,2859,TOTAL,218,90,120,FALSE,0.428571428571429
LOS ANGELES,9000549A,423,8,N,3654,TOTAL,425,182,243,FALSE,0.428235294117647
SOUTH GATE,6550039A,243,2,N,2561,TOTAL,169,71,95,FALSE,0.427710843373494
VIEW PARK,7510009A,254,8,N,3732,TOTAL,676,289,387,FALSE,0.427514792899408
LOS ANGELES,9000132A,317,7,N,3466,TOTAL,501,197,264,FALSE,0.427331887201735
LOS ANGELES,9000251A,345,8,N,4093,TOTAL,674,287,386,FALSE,0.426448736998514
SOUTH GATE,6550048A,244,2,N,1894,TOTAL,130,55,74,FALSE,0.426356589147287
LOS ANGELES,9004225A,874,8,N,3732,TOTAL,312,133,179,FALSE,0.426282051282051
LOS ANGELES,9000327A,362,8,N,2975,TOTAL,286,121,163,FALSE,0.426056338028169
LOS ANGELES,9003406A,859,8,N,3809,TOTAL,843,357,481,FALSE,0.426014319809069
GARDENA,2500018A,83,8,N,1997,TOTAL,223,95,128,FALSE,0.426008968609865
LOS ANGELES,9002211A,751,8,N,3394,TOTAL,377,157,212,FALSE,0.425474254742547
GARDENA,2500030A,86,8,N,3535,TOTAL,547,232,314,FALSE,0.424908424908425
LOS ANGELES,9000474A,403,8,N,3220,TOTAL,344,146,198,FALSE,0.424418604651163
LOS ANGELES,9001060A,517,8,N,3292,TOTAL,629,266,361,FALSE,0.424242424242424
LOS ANGELES,9007619A,967,8,N,3600,TOTAL,421,178,242,FALSE,0.423809523809524
LOS ANGELES,9000655A,443,8,N,3379,TOTAL,314,133,181,FALSE,0.423566878980892
LOS ANGELES,9000175A,328,8,N,3169,TOTAL,510,214,292,FALSE,0.422924901185771
LOS ANGELES,9000399A,383,8,N,3377,TOTAL,182,76,104,FALSE,0.422222222222222
LOS ANGELES,9000905A,479,8,N,2926,TOTAL,325,136,187,FALSE,0.421052631578947
LOS ANGELES,9001361A,567,8,N,4260,TOTAL,926,389,535,FALSE,0.420995670995671
CARSON,1030049A,32,8,N,3349,TOTAL,389,162,223,FALSE,0.420779220779221
LOS ANGELES,9001355A,566,8,N,1636,TOTAL,432,181,250,FALSE,0.419953596287703
LOS ANGELES,9004233A,875,8,N,2491,TOTAL,213,89,123,FALSE,0.419811320754717
LOS ANGELES,9000257A,347,8,N,3347,TOTAL,546,224,310,FALSE,0.419475655430712
LOS ANGELES,9000571A,427,8,N,4551,TOTAL,375,156,216,FALSE,0.419354838709677
LOS ANGELES,9001489A,593,8,N,2887,TOTAL,544,227,315,FALSE,0.418819188191882
LOS ANGELES,9000457A,399,8,N,3421,TOTAL,369,154,214,FALSE,0.418478260869565
LOS ANGELES,9001184A,538,8,N,2353,TOTAL,363,151,210,FALSE,0.418282548476454
LOS ANGELES,9005931A,912,8,N,2327,TOTAL,511,210,296,FALSE,0.41501976284585
LOS ANGELES,9001092A,523,8,N,3548,TOTAL,741,307,433,FALSE,0.414864864864865
LOS ANGELES,9001007A,504,8,N,4233,TOTAL,734,302,426,FALSE,0.414835164835165
LOS ANGELES,9006410A,937,8,N,3148,TOTAL,313,129,183,FALSE,0.413461538461538
MAYWOOD,4200012A,208,2,N,2523,TOTAL,186,76,108,FALSE,0.41304347826087
CARSON,1030120A,40,8,N,3656,TOTAL,368,149,212,FALSE,0.412742382271468
LOS ANGELES,9000064A,296,7,N,2947,TOTAL,363,148,214,FALSE,0.408839779005525
LOS ANGELES,9000908A,480,8,N,1716,TOTAL,174,71,103,FALSE,0.408045977011494
CARSON,1030111A,37,8,N,3281,TOTAL,483,194,282,FALSE,0.407563025210084
LOS ANGELES,9002080A,716,8,N,2248,TOTAL,354,144,210,FALSE,0.406779661016949
LOS ANGELES,9002177A,745,8,N,3318,TOTAL,305,124,181,FALSE,0.40655737704918
HUNTINGTON PARK,2850001A,92,2,N,1415,TOTAL,96,39,57,FALSE,0.40625
LOS ANGELES,9001219A,543,8,N,2525,TOTAL,437,177,259,FALSE,0.405963302752294
LOS ANGELES,9001343A,564,8,N,3061,TOTAL,595,241,353,FALSE,0.405723905723906
LOS ANGELES,9001458A,584,8,N,3968,TOTAL,597,241,355,FALSE,0.404362416107383
CARSON,1030007A,23,8,N,2305,TOTAL,302,121,180,FALSE,0.401993355481728
LOS ANGELES,9003181A,855,8,N,2942,TOTAL,477,191,285,FALSE,0.401260504201681
LOS ANGELES,9001218A,542,8,N,2271,TOTAL,409,164,245,FALSE,0.400977995110025
LOS ANGELES,9001231A,545,8,N,1308,TOTAL,191,76,114,FALSE,0.4
LOS ANGELES,9002143A,733,8,N,2013,TOTAL,205,82,123,FALSE,0.4
LOS ANGELES,9002214A,752,8,N,1974,TOTAL,260,104,156,FALSE,0.4
LOS ANGELES,9000994A,499,8,N,3356,TOTAL,299,119,179,FALSE,0.399328859060403
LOS ANGELES,9001461A,585,8,N,1756,TOTAL,278,111,167,FALSE,0.399280575539568
LOS ANGELES,9005923A,911,8,N,2926,TOTAL,758,302,455,FALSE,0.39894319682959
LOS ANGELES,9000410A,389,8,N,3925,TOTAL,762,303,457,FALSE,0.398684210526316
LOS ANGELES,9000288A,351,8,N,2216,TOTAL,320,125,189,FALSE,0.398089171974522
LOS ANGELES,9000061A,294,8,N,3277,TOTAL,313,123,186,FALSE,0.398058252427184
CARSON,1030053A,33,8,N,3339,TOTAL,416,162,245,FALSE,0.398034398034398
LOS ANGELES,9000180A,330,8,N,1947,TOTAL,201,80,121,FALSE,0.398009950248756
LOS ANGELES,9007349A,962,8,N,1859,TOTAL,262,104,158,FALSE,0.396946564885496
LOS ANGELES,9006656A,951,8,N,3727,TOTAL,720,281,429,FALSE,0.395774647887324
LOS ANGELES,9000777A,460,8,N,3463,TOTAL,618,243,373,FALSE,0.394480519480519
LOS ANGELES,9002083A,717,8,N,2793,TOTAL,412,162,249,FALSE,0.394160583941606
SAN FERNANDO,6050016A,225,8,N,3225,TOTAL,304,117,180,FALSE,0.393939393939394
LOS ANGELES,9001109A,525,8,N,3339,TOTAL,692,272,419,FALSE,0.393632416787265
LOS ANGELES,9002668A,829,8,N,3644,TOTAL,439,172,265,FALSE,0.393592677345538
LOS ANGELES,9000516A,415,8,N,3821,TOTAL,319,125,193,FALSE,0.393081761006289
LOS ANGELES,9001307A,556,8,N,2700,TOTAL,529,207,321,FALSE,0.392045454545454
LOS ANGELES,9002741A,833,8,N,3802,TOTAL,487,188,292,FALSE,0.391666666666667
LOS ANGELES,9000070A,298,8,N,3255,TOTAL,230,90,140,FALSE,0.391304347826087
LOS ANGELES,9002128A,729,8,N,1869,TOTAL,230,90,140,FALSE,0.391304347826087
LOS ANGELES,9006218A,915,8,N,2544,TOTAL,287,112,175,FALSE,0.390243902439024
CARSON,1030108B,36,8,N,3473,TOTAL,416,161,252,FALSE,0.389830508474576
LOS ANGELES,9002988A,848,8,N,3177,TOTAL,280,109,171,FALSE,0.389285714285714
SOUTH GATE,6550009A,232,2,N,1692,TOTAL,111,41,65,FALSE,0.386792452830189
LOS ANGELES,9000177A,329,8,N,3248,TOTAL,375,144,229,FALSE,0.386058981233244
LOS ANGELES,9002484B,799,8,N,1757,TOTAL,140,54,86,FALSE,0.385714285714286
GARDENA,2500009B,81,8,N,2281,TOTAL,317,121,195,FALSE,0.382911392405063
LOS ANGELES,9001199A,540,8,N,2687,TOTAL,406,155,250,FALSE,0.382716049382716
SAN FERNANDO,6050007A,224,8,N,4126,TOTAL,475,181,292,FALSE,0.382663847780127
GARDENA,2500041A,88,8,N,3507,TOTAL,426,163,263,FALSE,0.382629107981221
LOS ANGELES,9001893A,676,8,N,3381,TOTAL,449,171,277,FALSE,0.381696428571429
LOS ANGELES,9002334A,771,8,N,1400,TOTAL,279,103,167,FALSE,0.381481481481481
LOS ANGELES,9002415A,787,8,N,4237,TOTAL,749,284,462,FALSE,0.380697050938338
LOS ANGELES,9000254A,346,8,N,3345,TOTAL,494,188,306,FALSE,0.380566801619433
LOS ANGELES,9002621A,825,8,N,3346,TOTAL,271,103,168,FALSE,0.380073800738007
CARSON,1030029A,25,8,N,2426,TOTAL,266,101,165,FALSE,0.379699248120301
LOS ANGELES,9006666A,952,8,N,3135,TOTAL,698,265,433,FALSE,0.379656160458453
SAN FERNANDO,6050006A,223,8,N,4064,TOTAL,422,160,262,FALSE,0.37914691943128
SOUTH GATE,6550031A,241,2,N,1738,TOTAL,129,48,79,FALSE,0.377952755905512
LOS ANGELES,9000168A,327,7,N,3887,TOTAL,701,255,422,FALSE,0.376661742983752
SOUTH GATE,6550028A,239,2,N,2337,TOTAL,194,73,121,FALSE,0.376288659793814
CARSON,1030060A,34,8,N,2941,TOTAL,461,173,287,FALSE,0.376086956521739
LOS ANGELES,9000184A,331,8,N,3252,TOTAL,369,137,228,FALSE,0.375342465753425
SOUTH GATE,6550022A,238,2,N,2554,TOTAL,156,57,95,FALSE,0.375
WEST ATHENS,7670020A,264,8,N,2578,TOTAL,296,111,185,FALSE,0.375
LOS ANGELES,9001323A,559,8,N,2117,TOTAL,204,76,128,FALSE,0.372549019607843
LOS ANGELES,9002813A,837,8,N,3121,TOTAL,493,183,309,FALSE,0.371951219512195
LOS ANGELES,9001727A,643,8,N,1011,TOTAL,70,26,44,FALSE,0.371428571428571
LOS ANGELES,9004210A,873,7,N,3245,TOTAL,564,202,342,FALSE,0.371323529411765
LOS ANGELES,9000737A,455,8,N,3179,TOTAL,415,154,261,FALSE,0.371084337349398
ATHENS,0450007A,2,8,N,2562,TOTAL,275,102,173,FALSE,0.370909090909091
LOS ANGELES,9001352A,565,8,N,1312,TOTAL,263,97,165,FALSE,0.370229007633588
LOS ANGELES,9007864A,976,8,N,2991,TOTAL,313,115,196,FALSE,0.369774919614148
LOS ANGELES,9002186A,748,8,N,3422,TOTAL,525,193,329,FALSE,0.369731800766284
GARDENA,2500064A,90,8,N,3676,TOTAL,480,177,303,FALSE,0.36875
LOS ANGELES,9007843A,974,7,N,2449,TOTAL,552,198,339,FALSE,0.368715083798883
LOS ANGELES,9007693D,968,8,N,2907,TOTAL,657,241,415,FALSE,0.367378048780488
GARDENA,2500002A,80,8,N,2015,TOTAL,343,125,216,FALSE,0.366568914956012
LOS ANGELES,9000260A,348,8,N,1431,TOTAL,336,122,211,FALSE,0.366366366366366
LOS ANGELES,9000058A,293,8,N,3309,TOTAL,429,155,273,FALSE,0.36214953271028
SOUTH GATE,6550017A,236,2,N,2365,TOTAL,168,60,106,FALSE,0.36144578313253
LOS ANGELES,9000159B,324,8,N,3330,TOTAL,602,216,383,FALSE,0.360601001669449
LOS ANGELES,9000381A,376,8,N,2387,TOTAL,231,82,147,FALSE,0.358078602620087
LOS ANGELES,9000004A,279,8,N,2993,TOTAL,659,234,424,FALSE,0.355623100303951
WEST CARSON,7680011B,268,8,N,2666,TOTAL,408,144,261,FALSE,0.355555555555556
LOS ANGELES,9001946A,690,8,N,2529,TOTAL,458,161,292,FALSE,0.355408388520971
CARSON,1030114A,39,8,N,2083,TOTAL,172,60,109,FALSE,0.355029585798817
WEST CARSON,7680009A,267,8,N,3238,TOTAL,418,148,269,FALSE,0.354916067146283
LOS ANGELES,9000086A,301,7,N,3574,TOTAL,636,218,398,FALSE,0.353896103896104
VERNON,7450011A,6040,2,Y,96,TOTAL,17,6,11,FALSE,0.352941176470588
LOS ANGELES,9001005A,503,8,N,4600,TOTAL,578,203,373,FALSE,0.352430555555556
CARSON,1030039A,28,8,N,3133,TOTAL,350,123,227,FALSE,0.351428571428571
LOS ANGELES,9008147A,987,8,N,2873,TOTAL,252,88,163,FALSE,0.350597609561753
LOS ANGELES,9007883A,977,8,N,2647,TOTAL,366,127,236,FALSE,0.349862258953168
LOS ANGELES,9007902A,980,8,N,2863,TOTAL,410,143,266,FALSE,0.349633251833741
LOS ANGELES,9007947A,983,8,N,4098,TOTAL,724,251,468,FALSE,0.349095966620306
WEST CARSON,7680002A,266,8,N,4273,TOTAL,591,205,383,FALSE,0.348639455782313
LOS ANGELES,9006615A,947,8,N,2952,TOTAL,645,224,419,FALSE,0.348367029548989
LOS ANGELES,9007852A,975,7,N,3282,TOTAL,445,152,286,FALSE,0.34703196347032
LOS ANGELES,9000953A,489,8,N,3207,TOTAL,309,106,200,FALSE,0.34640522875817
LOS ANGELES,9000224A,338,7,N,2890,TOTAL,478,156,296,FALSE,0.345132743362832
LOS ANGELES,9000912A,481,7,N,3131,TOTAL,505,169,321,FALSE,0.344897959183673
LOS ANGELES,9000509A,411,8,N,2917,TOTAL,313,107,204,FALSE,0.344051446945338
LOS ANGELES,9000065A,297,8,N,2843,TOTAL,501,172,328,FALSE,0.344
LOS ANGELES,9001473A,588,8,N,3940,TOTAL,406,139,266,FALSE,0.34320987654321
LOS ANGELES,9002180A,746,8,N,2076,TOTAL,474,160,308,FALSE,0.341880341880342
LOS ANGELES,9007794A,971,7,N,2517,TOTAL,404,134,262,FALSE,0.338383838383838
LOS ANGELES,9000500A,408,8,N,4108,TOTAL,521,175,343,FALSE,0.337837837837838
LA RAMBLA,3350001A,102,8,N,1188,TOTAL,151,51,100,FALSE,0.337748344370861
LOS ANGELES,9001039A,511,8,N,3897,TOTAL,885,297,583,FALSE,0.3375
LOS ANGELES,9006406A,936,7,N,3742,TOTAL,519,170,338,FALSE,0.334645669291339
LOS ANGELES,9007985A,986,8,N,3349,TOTAL,768,256,509,FALSE,0.334640522875817
LOS ANGELES,9001487A,591,8,N,3881,TOTAL,811,269,537,FALSE,0.333746898263027
LOS ANGELES,9003468A,860,8,N,717,TOTAL,160,53,106,FALSE,0.333333333333333
LOS ANGELES,9006445A,941,8,N,2677,TOTAL,368,121,242,FALSE,0.333333333333333
LOS ANGELES,9006463A,942,8,N,2537,TOTAL,413,136,272,FALSE,0.333333333333333
CARSON,1030036A,27,8,N,3506,TOTAL,435,142,285,FALSE,0.332552693208431
LOS ANGELES,9006651A,950,8,N,3175,TOTAL,523,170,342,FALSE,0.33203125
LOS ANGELES,9001695A,631,8,N,2509,TOTAL,392,127,258,FALSE,0.32987012987013
LOS ANGELES,9007884A,978,8,N,3435,TOTAL,451,148,301,FALSE,0.329621380846325
LOS ANGELES,9000508A,410,8,N,3244,TOTAL,393,129,263,FALSE,0.329081632653061
LOS ANGELES,9000460A,401,8,N,3273,TOTAL,367,120,245,FALSE,0.328767123287671
LOS ANGELES,9000689A,448,8,N,2373,TOTAL,335,110,225,FALSE,0.328358208955224
LOS ANGELES,9000300A,355,8,N,3239,TOTAL,299,98,201,FALSE,0.327759197324415
LOS ANGELES,9001700C,632,8,N,3120,TOTAL,367,118,244,FALSE,0.325966850828729
LOS ANGELES,9001876A,673,8,N,4002,TOTAL,751,244,506,FALSE,0.325333333333333
LOS ANGELES,9001999D,697,8,N,2883,TOTAL,639,207,431,FALSE,0.324451410658307
LOS ANGELES,9000090A,303,8,N,3440,TOTAL,225,73,152,FALSE,0.324444444444444
LOS ANGELES,9006620A,948,8,N,3070,TOTAL,618,199,416,FALSE,0.323577235772358
LOS ANGELES,9006427A,939,8,N,3622,TOTAL,468,150,314,FALSE,0.323275862068966
LOS ANGELES,9000987A,496,8,N,2647,TOTAL,457,145,306,FALSE,0.321507760532151
LOS ANGELES,9001074A,519,8,N,2671,TOTAL,618,197,419,FALSE,0.319805194805195
LOS ANGELES,9002675A,831,8,N,3727,TOTAL,583,186,396,FALSE,0.319587628865979
WEST CARSON,7680013A,269,8,N,2945,TOTAL,553,171,365,FALSE,0.319029850746269
LOS ANGELES,9000350A,368,7,N,2997,TOTAL,709,218,467,FALSE,0.318248175182482
LOS ANGELES,9002824A,838,8,N,2687,TOTAL,235,74,159,FALSE,0.317596566523605
CARSON,1030113A,38,8,N,2179,TOTAL,187,59,127,FALSE,0.317204301075269
LOS ANGELES,9007402B,966,8,N,1131,TOTAL,268,85,183,FALSE,0.317164179104478
LOS ANGELES,9002650B,827,8,N,3443,TOTAL,490,154,335,FALSE,0.314928425357873
LOS ANGELES,9000332A,364,8,N,4086,TOTAL,701,219,479,FALSE,0.313753581661891
LOS ANGELES,9001743A,647,7,N,4343,TOTAL,843,251,551,FALSE,0.312967581047382
LOMITA,3800003A,111,8,N,4164,TOTAL,700,218,479,FALSE,0.312769010043042
LOS ANGELES,9000034A,287,7,N,3855,TOTAL,909,278,615,FALSE,0.311310190369541
LOS ANGELES,9001049A,514,8,N,3170,TOTAL,631,189,428,FALSE,0.306320907617504
LOS ANGELES,9004123A,872,7,N,3525,TOTAL,614,182,416,FALSE,0.304347826086957
LOS ANGELES,9006388A,935,8,N,4079,TOTAL,877,265,608,FALSE,0.303550973654066
LOS ANGELES,9007971A,985,8,N,2648,TOTAL,604,182,419,FALSE,0.302828618968386
LOS ANGELES,9000330A,363,8,N,3652,TOTAL,490,147,339,FALSE,0.302469135802469
LOS ANGELES,9002444A,791,8,N,3484,TOTAL,917,277,639,FALSE,0.302401746724891
LOS ANGELES,9006274A,922,7,N,3319,TOTAL,593,175,406,FALSE,0.301204819277108
LOS ANGELES,9002616A,824,8,N,3270,TOTAL,371,110,259,FALSE,0.29810298102981
LOS ANGELES,9003122A,853,8,N,2233,TOTAL,482,143,337,FALSE,0.297916666666667
LOS ANGELES,9007886A,979,8,N,3118,TOTAL,357,105,249,FALSE,0.296610169491525
LOS ANGELES,9006257A,921,7,N,2747,TOTAL,537,153,365,FALSE,0.295366795366795
LOS ANGELES,9000192A,332,8,N,3475,TOTAL,572,168,403,FALSE,0.294220665499124
LOS ANGELES,9007833A,973,7,N,2347,TOTAL,654,188,451,FALSE,0.294209702660407
LOS ANGELES,9006247A,919,7,N,4097,TOTAL,1123,323,775,FALSE,0.294171220400729
LOS ANGELES,9003206A,857,8,N,1959,TOTAL,425,123,297,FALSE,0.292857142857143
LOS ANGELES,9005638A,902,8,N,3454,TOTAL,360,105,254,FALSE,0.292479108635098
LOS ANGELES,9001395A,571,8,N,1779,TOTAL,344,100,243,FALSE,0.291545189504373
LOS ANGELES,9006411A,938,8,N,3802,TOTAL,489,140,346,FALSE,0.288065843621399
LOS ANGELES,9000411A,390,7,N,2901,TOTAL,267,71,176,FALSE,0.287449392712551
LOS ANGELES,9005662A,904,8,N,2740,TOTAL,273,78,194,FALSE,0.286764705882353
LOS ANGELES,9000993A,498,8,N,2262,TOTAL,171,49,122,FALSE,0.286549707602339
LOS ANGELES,9006495A,944,8,N,2711,TOTAL,597,170,425,FALSE,0.285714285714286
LOS ANGELES,9007927A,982,7,N,2440,TOTAL,666,187,468,FALSE,0.285496183206107
GARDENA,2500063A,89,8,N,3406,TOTAL,544,155,388,FALSE,0.285451197053407
LOS ANGELES,9000101A,308,8,N,3182,TOTAL,390,111,278,FALSE,0.285347043701799
LOS ANGELES,9006623C,949,8,N,2810,TOTAL,511,144,364,FALSE,0.283464566929134
LOS ANGELES,9000207A,336,7,N,3217,TOTAL,794,222,562,FALSE,0.283163265306122
LOS ANGELES,9006197A,914,8,N,1727,TOTAL,286,79,200,FALSE,0.283154121863799
LOS ANGELES,9000100A,307,8,N,3390,TOTAL,540,152,386,FALSE,0.282527881040892
LOS ANGELES,9001718A,638,8,N,3017,TOTAL,799,225,572,FALSE,0.282308657465496
LOS ANGELES,9000333A,365,7,N,2475,TOTAL,468,130,331,FALSE,0.281995661605206
LOMITA,3800010A,112,8,N,4102,TOTAL,743,208,533,FALSE,0.280701754385965
SUNLAND,6850002A,249,8,N,799,TOTAL,164,46,118,FALSE,0.280487804878049
LOS ANGELES,9000383B,378,8,N,2684,TOTAL,282,79,203,FALSE,0.280141843971631
LOS ANGELES,9000352A,369,7,N,2832,TOTAL,523,142,366,FALSE,0.279527559055118
LOS ANGELES,9000656A,444,8,N,3802,TOTAL,630,175,452,FALSE,0.279106858054226
LOS ANGELES,9007313A,960,8,N,3918,TOTAL,761,212,548,FALSE,0.278947368421053
LOS ANGELES,9000030A,285,7,N,3412,TOTAL,896,241,623,FALSE,0.278935185185185
LOS ANGELES,9000023A,282,7,N,3541,TOTAL,755,205,530,FALSE,0.27891156462585
LOS ANGELES,9000246A,343,8,N,2932,TOTAL,483,133,345,FALSE,0.278242677824268
LOS ANGELES,9000096B,305,8,N,2870,TOTAL,466,129,335,FALSE,0.27801724137931
LOMITA,3800013A,113,8,N,4401,TOTAL,736,203,529,FALSE,0.277322404371585
LOS ANGELES,9000223A,337,7,N,3962,TOTAL,669,183,477,FALSE,0.277272727272727
LOS ANGELES,9000388A,380,8,N,3688,TOTAL,883,244,636,FALSE,0.277272727272727
LOS ANGELES,9006441A,940,8,N,3303,TOTAL,433,119,312,FALSE,0.276102088167053
LOS ANGELES,9000167A,326,8,N,3719,TOTAL,506,138,367,FALSE,0.273267326732673
LOS ANGELES,9000316A,357,8,N,3718,TOTAL,558,152,406,FALSE,0.272401433691756
LOS ANGELES,9001805A,664,7,N,2439,TOTAL,452,120,324,FALSE,0.27027027027027
LOS ANGELES,9000416A,392,8,N,3708,TOTAL,564,150,409,FALSE,0.268336314847943
LOS ANGELES,9003626A,862,7,N,2773,TOTAL,525,137,376,FALSE,0.267056530214425
LOS ANGELES,9000073A,299,7,N,2674,TOTAL,333,87,239,FALSE,0.266871165644172
LOS ANGELES,9007954A,984,8,N,2168,TOTAL,425,112,311,FALSE,0.264775413711584
LOS ANGELES,9006288A,926,7,N,2322,TOTAL,501,129,359,FALSE,0.264344262295082
LOS ANGELES,9006241A,918,7,N,3174,TOTAL,778,200,561,FALSE,0.26281208935611
LOS ANGELES,9001423A,574,8,N,1669,TOTAL,336,88,247,FALSE,0.262686567164179
LOS ANGELES,9006368A,934,8,N,4032,TOTAL,817,212,603,FALSE,0.260122699386503
LOS ANGELES,9000356A,370,7,N,3172,TOTAL,325,81,232,FALSE,0.258785942492013
LOS ANGELES,9007333A,961,8,N,2211,TOTAL,330,85,245,FALSE,0.257575757575758
LOS ANGELES,9000305A,356,8,N,2990,TOTAL,408,104,302,FALSE,0.25615763546798
LOS ANGELES,9006279A,925,7,N,3287,TOTAL,779,197,575,FALSE,0.255181347150259
LOS ANGELES,9006277A,924,7,N,2753,TOTAL,589,148,432,FALSE,0.255172413793103
LOS ANGELES,9006232A,916,7,N,3297,TOTAL,838,208,609,FALSE,0.254589963280294
LOS ANGELES,9001065A,518,8,N,2074,TOTAL,279,71,208,FALSE,0.254480286738351
LOS ANGELES,9000092A,304,7,N,3360,TOTAL,664,166,487,FALSE,0.254211332312404
LOS ANGELES,9000104A,310,7,N,3970,TOTAL,1046,257,757,FALSE,0.2534516765286
LOS ANGELES,9000141A,321,8,N,2414,TOTAL,301,76,225,FALSE,0.252491694352159
LOS ANGELES,9001402A,572,8,N,1217,TOTAL,272,68,202,FALSE,0.251851851851852
LOS ANGELES,9001036A,510,8,N,2283,TOTAL,501,124,373,FALSE,0.249496981891348
LOS ANGELES,9001827A,668,8,N,4389,TOTAL,1382,344,1036,FALSE,0.249275362318841
LOS ANGELES,9001808A,665,8,N,3165,TOTAL,522,129,390,FALSE,0.248554913294798
LOS ANGELES,9000334A,366,7,N,3682,TOTAL,898,217,658,FALSE,0.248
LOS ANGELES,9007909A,981,7,N,3060,TOTAL,824,199,609,FALSE,0.246287128712871
LOS ANGELES,9002968A,847,7,N,2886,TOTAL,659,158,485,FALSE,0.245723172628305
LOS ANGELES,9000364A,372,7,N,3361,TOTAL,417,97,299,FALSE,0.244949494949495
LOS ANGELES,9000639A,440,8,N,2974,TOTAL,628,151,472,FALSE,0.242375601926164
LOS ANGELES,9006251A,920,7,N,4181,TOTAL,1063,248,789,FALSE,0.239151398264224
LOS ANGELES,9007790A,970,7,N,2832,TOTAL,666,154,492,FALSE,0.238390092879257
LOS ANGELES,9003606A,861,8,N,3046,TOTAL,511,121,387,FALSE,0.238188976377953
LOS ANGELES,9000017A,280,7,N,3603,TOTAL,1046,242,781,FALSE,0.236559139784946
LOS ANGELES,9002730A,832,8,N,3357,TOTAL,407,96,310,FALSE,0.236453201970443
LOS ANGELES,9000646A,442,8,N,2763,TOTAL,464,109,352,FALSE,0.23644251626898
LOS ANGELES,9006487A,943,7,N,3585,TOTAL,868,196,639,FALSE,0.234730538922156
RANCHO PALOS VERDES,5530085A,222,8,N,1786,TOTAL,423,99,323,FALSE,0.234597156398104
LOS ANGELES,9000632A,438,8,N,2882,TOTAL,461,105,344,FALSE,0.233853006681514
LOS ANGELES,9006602A,946,8,N,4091,TOTAL,940,219,721,FALSE,0.232978723404255
LOS ANGELES,9000084A,300,7,N,2521,TOTAL,565,129,425,FALSE,0.232851985559567
CHATSWORTH,1150001A,41,8,N,972,TOTAL,147,34,113,FALSE,0.231292517006803
LOS ANGELES,9000139B,319,8,N,3693,TOTAL,396,90,306,FALSE,0.227272727272727
LOS ANGELES,9000636A,439,8,N,3024,TOTAL,499,107,384,FALSE,0.217922606924644
LOS ANGELES,9006496A,945,8,N,3575,TOTAL,872,187,680,FALSE,0.215686274509804
LOS ANGELES,9000628A,437,7,N,3087,TOTAL,794,166,609,FALSE,0.214193548387097
CHATSWORTH,1150012A,42,8,N,1215,TOTAL,223,46,175,FALSE,0.208144796380091
LOS ANGELES,9000021A,281,8,N,3309,TOTAL,635,131,502,FALSE,0.20695102685624
LOS ANGELES,9006239A,917,7,N,3200,TOTAL,822,164,630,FALSE,0.206549118387909
LOS ANGELES,9000033A,286,7,N,2657,TOTAL,672,135,526,FALSE,0.204236006051437
LOS ANGELES,9006359A,933,8,N,3957,TOTAL,1163,236,924,FALSE,0.203448275862069
LOS ANGELES,9000024A,283,7,N,2245,TOTAL,659,130,513,FALSE,0.202177293934681
RANCHO PALOS VERDES,5530082A,221,8,N,2719,TOTAL,700,129,570,FALSE,0.184549356223176
LOS ANGELES,9005656A,903,8,N,3439,TOTAL,832,125,706,FALSE,0.150421179302046
LOS ANGELES,9002256A,759,8,N,1264,TOTAL,282,31,249,FALSE,0.110714285714286
BEVERLY HILLS,0900006B,6017,8,Y,14,TOTAL,2,0,2,FALSE,0
